CustomerID,purchase_cnt,item_cnt,recency,user_total,user_average,unique_products,average_interval,total_transactions,cancel_frequency,cancel_rate
17408,1,3,163,32.6,32.6,2,0,1,0,0
13144,1,21,332,111,111,3,0,1,0,0
13682,1,10,187,59.5,59.5,3,0,1,0,0
14661,1,35,26,108,108,4,0,1,0,0
12659,1,104,29,73.7,73.7,4,0,1,0,0
15350,1,51,373,115.7,115.7,5,0,1,0,0
14967,1,140,49,463.8,463.8,6,0,1,0,0
14890,1,51,253,125.7,125.7,7,0,1,0,0
13227,1,99,201,257.7,257.7,9,0,1,0,0
17496,1,79,358,271,271,10,0,1,0,0
14569,1,79,1,227.4,227.4,10,0,1,0,0
13980,1,172,60,200.1,200.1,11,0,1,0,0
17906,1,26,247,72.9,72.9,12,0,1,0,0
12355,1,240,214,459.4,459.4,13,0,1,0,0
15578,1,52,162,127.1,127.1,13,0,1,0,0
12718,1,201,71,202.3,202.3,18,0,1,0,0
16758,1,203,65,369.3,369.3,22,0,1,0,0
16404,1,157,70,443,443,23,0,1,0,0
16412,1,63,53,136,136,25,0,1,0,0
14652,1,53,77,114.2,114.2,29,0,1,0,0
15386,1,446,186,394.1,394.1,31,0,1,0,0
13044,1,429,291,560.5,560.5,33,0,1,0,0
15320,1,326,44,267.1,267.1,36,0,1,0,0
14756,1,416,15,739,739,38,0,1,0,0
16392,1,201,269,217.9,217.9,41,0,1,0,0
17347,1,216,86,229,229,1,0,1,0,0
14603,1,400,274,660,660,2,0,1,0,0
13645,1,158,120,252.1,252.1,5,0,1,0,0
14789,1,116,28,197.6,197.6,6,0,1,0,0
14280,1,52,196,134,134,8,0,1,0,0
13845,1,182,64,313,313,9,0,1,0,0
15607,1,202,336,104.8,104.8,13,0,1,0,0
13390,1,224,74,544.1,544.1,13,0,1,0,0
13699,1,66,155,308.6,308.6,14,0,1,0,0
15280,1,154,172,113.1,113.1,16,0,1,0,0
15520,1,314,1,343.5,343.5,18,0,1,0,0
13927,1,214,74,349,349,21,0,1,0,0
14647,1,91,201,236,236,24,0,1,0,0
16272,1,224,116,411.7,411.7,25,0,1,0,0
15448,1,232,312,494.6,494.6,28,0,1,0,0
13974,1,249,49,413.6,413.6,28,0,1,0,0
17201,1,231,53,289.8,289.8,38,0,1,0,0
17433,1,185,88,303.2,303.2,53,0,1,0,0
15832,1,465,254,836.8,836.8,54,0,1,0,0
16895,1,91,64,202.3,202.3,57,0,1,0,0
12847,1,873,22,843.6,843.6,72,0,1,0,0
15472,1,251,113,371.6,371.6,76,0,1,0,0
16504,1,510,25,465.9,465.9,76,0,1,0,0
12391,1,293,21,439.7,439.7,92,0,1,0,0
16093,1,20,106,17,17,1,0,1,0,0
13130,1,32,94,64,64,2,0,1,0,0
14642,1,76,58,96.1,96.1,2,0,1,0,0
16784,1,24,19,107.6,107.6,3,0,1,0,0
14946,1,22,14,100.9,100.9,3,0,1,0,0
16319,1,72,217,404.4,404.4,3,0,1,0,0
12789,1,3,65,76.8,76.8,3,0,1,0,0
17174,1,41,217,59.9,59.9,4,0,1,0,0
16542,1,46,53,119.6,119.6,5,0,1,0,0
13216,1,297,267,333.7,333.7,5,0,1,0,0
14345,1,50,38,109,109,6,0,1,0,0
14641,1,90,21,110.5,110.5,7,0,1,0,0
12641,1,71,115,145.9,145.9,9,0,1,0,0
13483,1,160,65,140.3,140.3,10,0,1,0,0
17871,1,182,204,155.9,155.9,10,0,1,0,0
16680,1,94,43,183.7,183.7,10,0,1,0,0
14863,1,132,29,266.8,266.8,11,0,1,0,0
15277,1,205,46,255.9,255.9,12,0,1,0,0
13618,1,246,173,177.3,177.3,13,0,1,0,0
15360,1,223,39,427.9,427.9,13,0,1,0,0
15234,1,196,276,197,197,14,0,1,0,0
15319,1,175,283,204.5,204.5,16,0,1,0,0
12561,1,177,302,238.8,238.8,16,0,1,0,0
16425,1,199,302,302.7,302.7,21,0,1,0,0
12447,1,187,243,431.5,431.5,25,0,1,0,0
12729,1,231,113,417,417,25,0,1,0,0
17878,1,401,43,379.4,379.4,26,0,1,0,0
15725,1,221,15,415.3,415.3,32,0,1,0,0
17962,1,127,142,102.4,102.4,33,0,1,0,0
16887,1,156,35,192.3,192.3,35,0,1,0,0
17251,1,108,362,269.8,269.8,37,0,1,0,0
17551,1,142,359,290.3,290.3,39,0,1,0,0
15076,1,571,172,880.8,880.8,49,0,1,0,0
12405,1,849,148,1390.4,1390.4,53,0,1,0,0
15466,1,246,85,334.5,334.5,56,0,1,0,0
15471,1,256,2,454.5,454.5,67,0,1,0,0
18022,1,703,35,612.7,612.7,141,0,1,0,0
14424,1,48,17,322.1,322.1,1,0,1,0,0
13120,1,12,238,30.6,30.6,1,0,1,0,0
13017,1,48,7,204,204,1,0,1,0,0
15945,1,52,365,181,181,2,0,1,0,0
17394,1,241,219,203.9,203.9,4,0,1,0,0
14840,1,31,267,62.9,62.9,4,0,1,0,0
16363,1,52,53,109.4,109.4,5,0,1,0,0
14582,1,73,40,114.1,114.1,6,0,1,0,0
17524,1,90,361,145,145,6,0,1,0,0
17698,1,93,260,154.9,154.9,8,0,1,0,0
12977,1,12,156,39.2,39.2,9,0,1,0,0
14772,1,82,112,139.3,139.3,9,0,1,0,0
13108,1,298,372,350.1,350.1,10,0,1,0,0
15917,1,42,247,123.1,123.1,12,0,1,0,0
18129,1,48,243,112.5,112.5,13,0,1,0,0
15254,1,275,127,300.4,300.4,18,0,1,0,0
16318,1,199,35,328.1,328.1,19,0,1,0,0
15261,1,270,135,254.8,254.8,19,0,1,0,0
16147,1,246,133,375,375,22,0,1,0,0
12976,1,561,211,738.6,738.6,22,0,1,0,0
16965,1,243,226,192.1,192.1,25,0,1,0,0
13398,1,281,192,457.3,457.3,26,0,1,0,0
16491,1,478,46,731.5,731.5,39,0,1,0,0
13708,1,300,271,283.3,283.3,48,0,1,0,0
15619,1,136,10,336.4,336.4,3,0,1,0,0
16006,1,84,211,101.4,101.4,8,0,1,0,0
13690,1,67,59,172.3,172.3,9,0,1,0,0
12902,1,66,264,138.7,138.7,10,0,1,0,0
15733,1,62,282,162.3,162.3,10,0,1,0,0
13062,1,342,191,332,332,10,0,1,0,0
16181,1,152,73,305.5,305.5,11,0,1,0,0
14870,1,119,261,327.3,327.3,13,0,1,0,0
13153,1,418,5,486.2,486.2,15,0,1,0,0
13349,1,224,10,197.3,197.3,15,0,1,0,0
16433,1,106,28,184.3,184.3,17,0,1,0,0
12650,1,250,3,242.4,242.4,19,0,1,0,0
13887,1,147,204,349.5,349.5,19,0,1,0,0
13844,1,196,11,361.6,361.6,20,0,1,0,0
15923,1,122,372,127.1,127.1,21,0,1,0,0
15243,1,185,74,316.7,316.7,22,0,1,0,0
17972,1,36,241,135.2,135.2,30,0,1,0,0
12707,1,256,291,603.4,603.4,33,0,1,0,0
12638,1,573,33,511.7,511.7,38,0,1,0,0
17908,1,169,373,232,232,51,0,1,0,0
14953,1,224,25,285.7,285.7,54,0,1,0,0
14549,1,136,311,289.2,289.2,56,0,1,0,0
16595,1,335,61,360.2,360.2,83,0,1,0,0
15524,1,4,24,440,440,1,0,1,0,0
14576,1,12,372,35.4,35.4,1,0,1,0,0
16976,1,88,267,251.5,251.5,2,0,1,0,0
15442,1,120,248,594,594,2,0,1,0,0
13403,1,44,17,75,75,3,0,1,0,0
16430,1,103,57,300.9,300.9,6,0,1,0,0
18138,1,38,295,152.7,152.7,8,0,1,0,0
13070,1,110,192,228.8,228.8,9,0,1,0,0
12672,1,78,329,225.9,225.9,10,0,1,0,0
12574,1,59,315,182.5,182.5,10,0,1,0,0
15886,1,147,60,181.1,181.1,12,0,1,0,0
12581,1,160,39,179.7,179.7,14,0,1,0,0
14484,1,210,50,321.9,321.9,14,0,1,0,0
18213,1,232,236,232.5,232.5,15,0,1,0,0
17140,1,296,247,454.1,454.1,16,0,1,0,0
15017,1,63,33,125.6,125.6,20,0,1,0,0
15225,1,226,234,409.4,409.4,23,0,1,0,0
17222,1,122,65,328.6,328.6,27,0,1,0,0
16025,1,338,29,439.7,439.7,28,0,1,0,0
13358,1,284,268,389,389,28,0,1,0,0
14204,1,72,2,150.6,150.6,36,0,1,0,0
17051,1,179,194,240.9,240.9,40,0,1,0,0
14222,1,607,177,683.2,683.2,41,0,1,0,0
15576,1,394,37,921.4,921.4,43,0,1,0,0
15423,1,101,38,43.5,43.5,2,0,1,0,0
17941,1,252,130,304.6,304.6,2,0,1,0,0
12855,1,30,372,38.1,38.1,3,0,1,0,0
18032,1,42,334,73.5,73.5,5,0,1,0,0
14752,1,260,43,389.6,389.6,5,0,1,0,0
14059,1,128,266,183.6,183.6,8,0,1,0,0
13161,1,29,313,112.8,112.8,8,0,1,0,0
17574,1,77,242,185.7,185.7,8,0,1,0,0
17538,1,134,25,98.4,98.4,9,0,1,0,0
12831,1,135,262,215,215,9,0,1,0,0
12938,1,140,25,114.1,114.1,9,0,1,0,0
13926,1,104,23,223.9,223.9,11,0,1,0,0
15007,1,69,159,156.9,156.9,12,0,1,0,0
17359,1,161,11,127.9,127.9,13,0,1,0,0
17475,1,178,79,194.4,194.4,14,0,1,0,0
12532,1,151,30,313.8,313.8,15,0,1,0,0
17855,1,197,372,209,209,17,0,1,0,0
15748,1,50,40,144.4,144.4,19,0,1,0,0
15016,1,76,172,170,170,20,0,1,0,0
15153,1,198,31,329.2,329.2,22,0,1,0,0
12740,1,342,63,427.6,427.6,27,0,1,0,0
18119,1,124,367,180.7,180.7,29,0,1,0,0
15947,1,898,82,1708.2,1708.2,29,0,1,0,0
15318,1,642,3,312.6,312.6,33,0,1,0,0
12617,1,210,29,353,353,39,0,1,0,0
13790,1,748,4,348.8,348.8,45,0,1,0,0
17839,1,257,42,318.1,318.1,50,0,1,0,0
13667,1,149,149,299,299,82,0,1,0,0
15269,1,26,23,408.8,408.8,2,0,1,0,0
14494,1,92,25,139.6,139.6,7,0,1,0,0
14238,1,111,326,146.8,146.8,8,0,1,0,0
14237,1,38,373,161,161,9,0,1,0,0
16591,1,41,68,213.5,213.5,10,0,1,0,0
12402,1,92,323,195.6,195.6,10,0,1,0,0
15412,1,108,171,190.5,190.5,10,0,1,0,0
18262,1,182,140,149.5,149.5,13,0,1,0,0
13441,1,204,91,296.6,296.6,13,0,1,0,0
17234,1,55,182,149.9,149.9,14,0,1,0,0
17011,1,186,30,270.9,270.9,15,0,1,0,0
13990,1,190,213,311.3,311.3,16,0,1,0,0
18099,1,149,127,168.3,168.3,19,0,1,0,0
13893,1,190,297,821.1,821.1,21,0,1,0,0
14413,1,67,362,121.1,121.1,22,0,1,0,0
17154,1,490,75,329.3,329.3,23,0,1,0,0
13570,1,161,243,239.5,239.5,27,0,1,0,0
12426,1,254,194,510.7,510.7,29,0,1,0,0
15507,1,160,171,475.9,475.9,41,0,1,0,0
15866,1,124,101,211.9,211.9,43,0,1,0,0
17458,1,170,15,316.5,316.5,52,0,1,0,0
17379,1,623,11,389.7,389.7,71,0,1,0,0
13877,1,108,86,117.2,117.2,3,0,1,0,0
18058,1,88,9,170.2,170.2,3,0,1,0,0
17844,1,52,106,51.6,51.6,5,0,1,0,0
15428,1,102,15,93.8,93.8,6,0,1,0,0
15944,1,50,276,325.1,325.1,6,0,1,0,0
13922,1,93,351,172.2,172.2,7,0,1,0,0
16963,1,35,187,110.6,110.6,7,0,1,0,0
13866,1,57,74,145.7,145.7,7,0,1,0,0
15143,1,150,225,259.4,259.4,14,0,1,0,0
13561,1,83,215,141.9,141.9,14,0,1,0,0
16812,1,81,360,479.4,479.4,15,0,1,0,0
15557,1,213,28,468.9,468.9,16,0,1,0,0
15552,1,60,217,90.1,90.1,17,0,1,0,0
16423,1,230,24,346.1,346.1,18,0,1,0,0
17274,1,77,35,107.8,107.8,24,0,1,0,0
14600,1,125,305,393.3,393.3,25,0,1,0,0
18114,1,55,290,220.1,220.1,28,0,1,0,0
12658,1,317,18,632,632,35,0,1,0,0
13187,1,95,337,236,236,37,0,1,0,0
14830,1,163,53,188,188,38,0,1,0,0
16902,1,629,116,1706.9,1706.9,43,0,1,0,0
16274,1,151,373,331.5,331.5,63,0,1,0,0
16800,1,524,11,1162.7,1162.7,148,0,1,0,0
13366,1,144,50,56.2,56.2,1,0,1,0,0
15178,1,30,260,40.5,40.5,3,0,1,0,0
15168,1,52,25,106.6,106.6,5,0,1,0,0
12686,1,106,371,71.1,71.1,6,0,1,0,0
17709,1,17,169,137.4,137.4,7,0,1,0,0
16658,1,40,368,123.2,123.2,8,0,1,0,0
17947,1,168,37,176.7,176.7,9,0,1,0,0
17217,1,24,234,113.5,113.5,9,0,1,0,0
14438,1,82,306,131.9,131.9,9,0,1,0,0
16752,1,54,372,207.5,207.5,9,0,1,0,0
12738,1,147,372,137.3,137.3,10,0,1,0,0
12430,1,116,43,216.4,216.4,10,0,1,0,0
14079,1,301,124,375.1,375.1,12,0,1,0,0
17824,1,408,51,298.4,298.4,13,0,1,0,0
16527,1,106,81,228.1,228.1,14,0,1,0,0
14015,1,378,52,917.3,917.3,20,0,1,0,0
14100,1,63,137,191.9,191.9,24,0,1,0,0
17701,1,109,252,417.9,417.9,24,0,1,0,0
16914,1,112,36,183.8,183.8,25,0,1,0,0
17829,1,496,298,889.2,889.2,30,0,1,0,0
17124,1,129,185,294.2,294.2,31,0,1,0,0
17403,1,111,36,263.9,263.9,32,0,1,0,0
15460,1,107,354,214.3,214.3,53,0,1,0,0
14052,1,89,19,225.4,225.4,56,0,1,0,0
16445,1,111,33,230.5,230.5,62,0,1,0,0
12534,1,645,130,981.2,981.2,62,0,1,0,0
16323,1,50,196,207.5,207.5,1,0,1,0,0
12864,1,216,138,147.1,147.1,3,0,1,0,0
14437,1,60,365,63,63,5,0,1,0,0
15405,1,193,189,349.1,349.1,8,0,1,0,0
14314,1,296,106,120,120,8,0,1,0,0
17887,1,30,129,111.4,111.4,10,0,1,0,0
15388,1,88,270,140.5,140.5,10,0,1,0,0
14714,1,229,24,160.2,160.2,10,0,1,0,0
15844,1,134,46,130.7,130.7,11,0,1,0,0
15766,1,170,64,315.1,315.1,11,0,1,0,0
15895,1,94,149,179.2,179.2,11,0,1,0,0
15670,1,91,296,173.1,173.1,12,0,1,0,0
16848,1,182,52,281.4,281.4,14,0,1,0,0
13781,1,30,250,127.8,127.8,17,0,1,0,0
16517,1,96,277,162.7,162.7,17,0,1,0,0
16982,1,182,60,384.1,384.1,22,0,1,0,0
17508,1,289,280,387.3,387.3,22,0,1,0,0
13193,1,46,61,112.1,112.1,22,0,1,0,0
15837,1,189,64,392,392,24,0,1,0,0
13322,1,117,17,199.5,199.5,25,0,1,0,0
13603,1,164,26,164.3,164.3,27,0,1,0,0
17569,1,159,332,344.1,344.1,29,0,1,0,0
13355,1,314,122,674.7,674.7,32,0,1,0,0
17623,1,265,32,527.1,527.1,33,0,1,0,0
17125,1,281,50,230.5,230.5,34,0,1,0,0
15276,1,61,66,128.6,128.6,49,0,1,0,0
13428,1,151,10,201.8,201.8,70,0,1,0,0
15668,1,72,217,76.3,76.3,1,0,1,0,0
16257,1,1,176,21.9,21.9,1,0,1,0,0
14300,1,32,18,43.2,43.2,3,0,1,0,0
17775,1,72,254,56.4,56.4,3,0,1,0,0
16387,1,44,322,94.4,94.4,4,0,1,0,0
16349,1,9,290,53.5,53.5,9,0,1,0,0
18165,1,254,177,302.5,302.5,10,0,1,0,0
17187,1,144,226,204,204,10,0,1,0,0
15432,1,65,23,171.2,171.2,10,0,1,0,0
12732,1,110,179,218.3,218.3,11,0,1,0,0
12702,1,52,19,201,201,11,0,1,0,0
15942,1,232,133,337.4,337.4,14,0,1,0,0
16177,1,95,50,331.9,331.9,15,0,1,0,0
12812,1,164,44,229.6,229.6,15,0,1,0,0
15699,1,113,17,309.7,309.7,18,0,1,0,0
12564,1,130,261,402.9,402.9,20,0,1,0,0
16135,1,209,262,517.5,517.5,21,0,1,0,0
16601,1,130,40,241.5,241.5,28,0,1,0,0
18011,1,71,373,102.8,102.8,28,0,1,0,0
15853,1,135,51,110.8,110.8,29,0,1,0,0
12390,1,350,79,504.8,504.8,31,0,1,0,0
18033,1,252,65,93.8,93.8,32,0,1,0,0
17367,1,149,238,167.5,167.5,33,0,1,0,0
13639,1,800,74,1033.3,1033.3,39,0,1,0,0
16480,1,455,75,769.3,769.3,51,0,1,0,0
12550,1,564,79,824.8,824.8,56,0,1,0,0
13607,1,288,40,675.5,675.5,93,0,1,0,0
16222,1,325,318,773.6,773.6,120,0,1,0,0
12357,1,2708,33,6207.7,6207.7,131,0,1,0,0
17060,1,216,266,234.2,234.2,5,0,1,0,0
16276,1,420,176,810.6,810.6,6,0,1,0,0
12881,1,21,275,298,298,7,0,1,0,0
13072,1,69,266,177.1,177.1,7,0,1,0,0
16351,1,90,332,153.9,153.9,8,0,1,0,0
14699,1,77,214,109.1,109.1,8,0,1,0,0
12651,1,78,334,114,114,9,0,1,0,0
16457,1,140,218,208.4,208.4,9,0,1,0,0
17714,1,92,320,153,153,10,0,1,0,0
13976,1,154,206,358,358,10,0,1,0,0
16247,1,182,170,114.6,114.6,16,0,1,0,0
17697,1,93,236,338.9,338.9,19,0,1,0,0
12725,1,162,371,371.8,371.8,23,0,1,0,0
16063,1,262,260,335.3,335.3,23,0,1,0,0
17138,1,126,275,380.5,380.5,24,0,1,0,0
15165,1,160,373,487.8,487.8,27,0,1,0,0
15417,1,284,85,508.8,508.8,28,0,1,0,0
13642,1,151,215,312.3,312.3,57,0,1,0,0
17986,1,10,56,20.8,20.8,1,0,1,0,0
15070,1,36,372,106.2,106.2,1,0,1,0,0
15753,1,144,304,79.2,79.2,1,0,1,0,0
16765,1,4,294,34,34,1,0,1,0,0
12548,1,48,166,67.2,67.2,4,0,1,0,0
15160,1,84,357,158.2,158.2,4,0,1,0,0
14393,1,13,218,68,68,5,0,1,0,0
14795,1,17,166,131.4,131.4,6,0,1,0,0
17513,1,254,72,513.2,513.2,6,0,1,0,0
16190,1,88,40,215.1,215.1,6,0,1,0,0
15158,1,198,45,401.4,401.4,7,0,1,0,0
16988,1,43,5,126.1,126.1,7,0,1,0,0
15361,1,336,361,418.9,418.9,7,0,1,0,0
17805,1,478,73,512.3,512.3,10,0,1,0,0
15263,1,89,106,156.5,156.5,12,0,1,0,0
17939,1,40,159,99.1,99.1,12,0,1,0,0
12497,1,1231,81,953.1,953.1,13,0,1,0,0
17678,1,207,263,298.1,298.1,16,0,1,0,0
17498,1,394,75,272.2,272.2,17,0,1,0,0
15341,1,812,80,2020.5,2020.5,17,0,1,0,0
14453,1,49,190,119.9,119.9,22,0,1,0,0
13372,1,158,89,328.6,328.6,22,0,1,0,0
15438,1,59,131,156.6,156.6,25,0,1,0,0
12425,1,496,78,777.2,777.2,36,0,1,0,0
15957,1,211,31,428.9,428.9,40,0,1,0,0
17793,1,226,25,300.3,300.3,49,0,1,0,0
17968,1,151,373,265.1,265.1,74,0,1,0,0
16454,1,2,64,5.9,5.9,1,0,1,0,0
16429,1,9,106,284.6,284.6,2,0,1,0,0
15286,1,55,49,240.6,240.6,3,0,1,0,0
12734,1,88,352,110.4,110.4,4,0,1,0,0
15347,1,130,366,201.6,201.6,5,0,1,0,0
17879,1,45,173,178.5,178.5,6,0,1,0,0
14054,1,62,65,92.5,92.5,6,0,1,0,0
15447,1,85,330,155.2,155.2,9,0,1,0,0
18280,1,45,277,180.6,180.6,10,0,1,0,0
16847,1,78,43,193.4,193.4,12,0,1,0,0
16926,1,35,371,230.3,230.3,14,0,1,0,0
17415,1,114,79,507.8,507.8,14,0,1,0,0
17040,1,181,137,449.7,449.7,15,0,1,0,0
17895,1,127,44,95.5,95.5,15,0,1,0,0
17901,1,24,29,110.4,110.4,19,0,1,0,0
14951,1,311,79,311.7,311.7,20,0,1,0,0
18006,1,220,23,444.7,444.7,21,0,1,0,0
14068,1,73,320,265.8,265.8,22,0,1,0,0
14585,1,91,50,157.1,157.1,29,0,1,0,0
17197,1,191,29,1013,1013,29,0,1,0,0
18067,1,189,40,396.3,396.3,36,0,1,0,0
17561,1,144,19,165.1,165.1,44,0,1,0,0
17297,1,65,17,128.2,128.2,49,0,1,0,0
14130,1,257,319,480.9,480.9,66,0,1,0,0
17619,1,124,312,214.4,214.4,71,0,1,0,0
17102,1,2,261,25.5,25.5,1,0,1,0,0
17715,1,384,200,326.4,326.4,1,0,1,0,0
14199,1,28,218,185.4,185.4,2,0,1,0,0
16468,1,31,74,74.9,74.9,2,0,1,0,0
14185,1,6,331,197.7,197.7,3,0,1,0,0
14371,1,34,295,100.5,100.5,4,0,1,0,0
14542,1,19,185,103.3,103.3,5,0,1,0,0
14340,1,58,218,134.7,134.7,6,0,1,0,0
14027,1,62,60,104.8,104.8,6,0,1,0,0
15567,1,223,18,186,186,7,0,1,0,0
12441,1,120,366,155.6,155.6,10,0,1,0,0
13898,1,133,325,155.9,155.9,12,0,1,0,0
16583,1,111,373,233.5,233.5,14,0,1,0,0
17789,1,74,281,225.9,225.9,14,0,1,0,0
12648,1,159,154,300,300,20,0,1,0,0
16625,1,164,274,333.1,333.1,23,0,1,0,0
15517,1,293,233,267,267,27,0,1,0,0
16485,1,235,77,363.6,363.6,41,0,1,0,0
13278,1,537,40,542.7,542.7,46,0,1,0,0
15645,1,255,18,611.6,611.6,49,0,1,0,0
17247,1,105,15,280.1,280.1,53,0,1,0,0
12688,1,3028,113,4873.8,4873.8,171,0,1,0,0
17948,1,144,147,358.6,358.6,1,0,1,0,0
13302,1,5,155,63.8,63.8,1,0,1,0,0
16856,1,12,14,35.4,35.4,2,0,1,0,0
18050,1,40,359,74.4,74.4,5,0,1,0,0
16213,1,48,78,159,159,6,0,1,0,0
12884,1,43,88,309.1,309.1,7,0,1,0,0
13710,1,176,31,180.5,180.5,8,0,1,0,0
17279,1,48,57,187.8,187.8,8,0,1,0,0
16665,1,59,362,135.4,135.4,9,0,1,0,0
17601,1,103,239,116,116,9,0,1,0,0
12551,1,100,357,168,168,10,0,1,0,0
17862,1,100,323,330.9,330.9,11,0,1,0,0
14929,1,136,32,223.9,223.9,11,0,1,0,0
17309,1,41,95,82.8,82.8,11,0,1,0,0
14799,1,146,51,157.7,157.7,13,0,1,0,0
17354,1,1006,50,1393.1,1393.1,15,0,1,0,0
12436,1,209,99,429,429,15,0,1,0,0
17893,1,149,225,107.2,107.2,15,0,1,0,0
15346,1,144,332,252.4,252.4,17,0,1,0,0
14757,1,160,75,420.5,420.5,19,0,1,0,0
16483,1,44,192,139.3,139.3,19,0,1,0,0
14041,1,94,266,141.4,141.4,21,0,1,0,0
18027,1,78,98,115.3,115.3,21,0,1,0,0
14142,1,313,373,311.8,311.8,22,0,1,0,0
16017,1,102,47,211.9,211.9,26,0,1,0,0
16104,1,122,61,298.2,298.2,28,0,1,0,0
13170,1,141,26,108.8,108.8,29,0,1,0,0
17957,1,275,66,110.7,110.7,30,0,1,0,0
17344,1,65,46,157.6,157.6,31,0,1,0,0
12461,1,282,154,626.9,626.9,34,0,1,0,0
13235,1,441,212,1031.1,1031.1,53,0,1,0,0
15025,1,184,33,362,362,66,0,1,0,0
15195,1,1404,2,3861,3861,1,0,1,0,0
12603,1,56,21,613.2,613.2,1,0,1,0,0
15940,1,4,311,35.8,35.8,1,0,1,0,0
13747,1,8,373,79.6,79.6,1,0,1,0,0
17079,1,24,78,118.8,118.8,2,0,1,0,0
16565,1,46,364,173.7,173.7,3,0,1,0,0
13095,1,144,70,74.4,74.4,6,0,1,0,0
13723,1,43,217,199.9,199.9,6,0,1,0,0
18191,1,140,261,207.8,207.8,7,0,1,0,0
16913,1,82,290,113.4,113.4,8,0,1,0,0
17245,1,75,204,171.4,171.4,9,0,1,0,0
15663,1,106,106,138.1,138.1,9,0,1,0,0
13229,1,63,225,161,161,10,0,1,0,0
15523,1,132,84,412,412,10,0,1,0,0
15096,1,120,42,219.4,219.4,11,0,1,0,0
17978,1,499,365,300.9,300.9,12,0,1,0,0
17492,1,155,248,374.6,374.6,12,0,1,0,0
14411,1,196,310,1063,1063,14,0,1,0,0
16159,1,236,281,348.2,348.2,14,0,1,0,0
13127,1,127,77,259.2,259.2,15,0,1,0,0
13512,1,143,260,251.2,251.2,15,0,1,0,0
13245,1,125,50,430.5,430.5,16,0,1,0,0
13897,1,200,50,311.2,311.2,17,0,1,0,0
13803,1,121,255,277.1,277.1,17,0,1,0,0
14348,1,183,260,409.6,409.6,18,0,1,0,0
13626,1,209,252,257.2,257.2,19,0,1,0,0
12552,1,85,39,317.8,317.8,19,0,1,0,0
15047,1,222,269,343.6,343.6,22,0,1,0,0
17263,1,36,208,63.4,63.4,23,0,1,0,0
16803,1,245,65,332.3,332.3,24,0,1,0,0
13833,1,117,159,383.8,383.8,28,0,1,0,0
15790,1,113,10,218.8,218.8,34,0,1,0,0
14725,1,588,24,655.6,655.6,45,0,1,0,0
16921,1,154,61,154.2,154.2,50,0,1,0,0
16406,1,116,18,154.4,154.4,54,0,1,0,0
17752,1,192,359,80.6,80.6,1,0,1,0,0
13099,1,288,99,207.4,207.4,1,0,1,0,0
15603,1,96,78,48.5,48.5,2,0,1,0,0
16545,1,78,164,339.3,339.3,3,0,1,0,0
15049,1,63,273,121.2,121.2,3,0,1,0,0
17536,1,6,177,76.5,76.5,3,0,1,0,0
17556,1,101,205,157.9,157.9,6,0,1,0,0
15937,1,73,64,145.3,145.3,7,0,1,0,0
13638,1,93,15,122.6,122.6,8,0,1,0,0
14248,1,102,318,302.6,302.6,8,0,1,0,0
16055,1,22,220,134.8,134.8,8,0,1,0,0
14981,1,97,246,102.1,102.1,8,0,1,0,0
12974,1,24,197,144.8,144.8,8,0,1,0,0
13182,1,201,45,121.2,121.2,11,0,1,0,0
13325,1,240,81,675.3,675.3,12,0,1,0,0
17531,1,136,190,296.7,296.7,14,0,1,0,0
12519,1,172,63,276.8,276.8,16,0,1,0,0
16528,1,171,3,244.4,244.4,17,0,1,0,0
17456,1,222,365,249.9,249.9,17,0,1,0,0
13494,1,162,311,316.3,316.3,18,0,1,0,0
17732,1,93,372,304,304,18,0,1,0,0
13449,1,222,23,291.9,291.9,19,0,1,0,0
15193,1,144,60,499.3,499.3,19,0,1,0,0
12538,1,191,29,363.9,363.9,21,0,1,0,0
13774,1,192,81,345,345,22,0,1,0,0
16823,1,136,227,358.4,358.4,34,0,1,0,0
15539,1,410,7,538.5,538.5,41,0,1,0,0
13532,1,129,33,210.3,210.3,66,0,1,0,0
13259,1,126,61,283.2,283.2,77,0,1,0,0
17614,1,235,57,386.3,386.3,97,0,1,0,0
13391,1,4,203,59.8,59.8,1,0,1,0,0
17923,1,50,282,207.5,207.5,1,0,1,0,0
16144,1,16,246,175.2,175.2,1,0,1,0,0
18113,1,72,368,76.3,76.3,1,0,1,0,0
15610,1,66,51,112.5,112.5,6,0,1,0,0
16597,1,184,4,90,90,7,0,1,0,0
17022,1,108,31,71,71,7,0,1,0,0
15458,1,156,25,161.6,161.6,7,0,1,0,0
15219,1,45,176,305.8,305.8,9,0,1,0,0
14271,1,88,225,112.3,112.3,10,0,1,0,0
14055,1,216,106,725.6,725.6,10,0,1,0,0
16338,1,94,157,214.8,214.8,11,0,1,0,0
13986,1,430,17,320.5,320.5,12,0,1,0,0
15925,1,93,194,207.1,207.1,12,0,1,0,0
15678,1,184,52,352.7,352.7,12,0,1,0,0
18074,1,190,373,489.6,489.6,13,0,1,0,0
15783,1,212,10,246.3,246.3,14,0,1,0,0
15857,1,308,18,297,297,14,0,1,0,0
17694,1,184,141,283.1,283.1,15,0,1,0,0
14518,1,278,64,174.4,174.4,16,0,1,0,0
12350,1,196,310,294.4,294.4,16,0,1,0,0
16850,1,249,333,332.4,332.4,19,0,1,0,0
15343,1,84,87,364.5,364.5,21,0,1,0,0
16072,1,140,288,584.3,584.3,23,0,1,0,0
15988,1,180,19,156.8,156.8,26,0,1,0,0
16152,1,642,268,1829,1829,29,0,1,0,0
13753,1,512,287,741.3,741.3,35,0,1,0,0
12713,1,505,0,794.5,794.5,37,0,1,0,0
17385,1,197,14,256.1,256.1,42,0,1,0,0
16024,1,377,12,245.7,245.7,60,0,1,0,0
12349,1,630,18,1457.5,1457.5,72,0,1,0,0
12873,1,128,282,374,374,4,0,1,0,0
13347,1,204,70,291.4,291.4,7,0,1,0,0
17030,1,146,63,146.9,146.9,11,0,1,0,0
16761,1,341,96,316.6,316.6,13,0,1,0,0
17600,1,144,17,161.7,161.7,13,0,1,0,0
18105,1,46,37,113.5,113.5,18,0,1,0,0
14528,1,278,37,364.2,364.2,18,0,1,0,0
14174,1,94,33,134.5,134.5,26,0,1,0,0
17911,1,223,9,366.2,366.2,39,0,1,0,0
16903,1,247,29,363.2,363.2,50,0,1,0,0
17936,1,257,5,380.1,380.1,68,0,1,0,0
17925,1,72,372,244.1,244.1,1,0,1,0,0
14351,1,12,164,51,51,1,0,1,0,0
16881,1,600,66,432,432,1,0,1,0,0
14821,1,20,366,48.8,48.8,2,0,1,0,0
15222,1,440,318,585,585,5,0,1,0,0
13299,1,30,268,142.5,142.5,5,0,1,0,0
12968,1,73,112,135.9,135.9,5,0,1,0,0
14259,1,68,141,120,120,5,0,1,0,0
15063,1,56,213,370.8,370.8,5,0,1,0,0
13938,1,70,35,71.7,71.7,7,0,1,0,0
17647,1,30,65,133.1,133.1,7,0,1,0,0
15775,1,68,245,104.9,104.9,7,0,1,0,0
16287,1,298,169,142.5,142.5,8,0,1,0,0
15739,1,472,66,449.1,449.1,8,0,1,0,0
15803,1,290,51,415.8,415.8,8,0,1,0,0
14889,1,90,336,135.9,135.9,10,0,1,0,0
14327,1,139,163,311.7,311.7,12,0,1,0,0
14689,1,76,208,112.8,112.8,13,0,1,0,0
13663,1,91,179,189.5,189.5,13,0,1,0,0
16961,1,125,116,234.2,234.2,14,0,1,0,0
16183,1,113,67,338.7,338.7,15,0,1,0,0
16207,1,140,25,394.4,394.4,19,0,1,0,0
12365,1,173,291,320.7,320.7,21,0,1,0,0
17226,1,406,308,393.5,393.5,21,0,1,0,0
14703,1,183,14,318.2,318.2,22,0,1,0,0
15921,1,162,172,323,323,24,0,1,0,0
16751,1,1031,30,1764.7,1764.7,24,0,1,0,0
13584,1,37,306,142.4,142.4,24,0,1,0,0
16113,1,176,183,161.4,161.4,30,0,1,0,0
16666,1,233,19,119,119,32,0,1,0,0
14966,1,179,14,183,183,35,0,1,0,0
16127,1,323,39,656.3,656.3,40,0,1,0,0
16494,1,675,296,826.5,826.5,47,0,1,0,0
17248,1,213,120,318.7,318.7,68,0,1,0,0
16054,1,380,145,783.9,783.9,70,0,1,0,0
17896,1,288,23,256.3,256.3,2,0,1,0,0
15374,1,126,128,168,168,3,0,1,0,0
15992,1,17,3,42,42,3,0,1,0,0
14117,1,72,143,90,90,3,0,1,0,0
13651,1,32,39,79.2,79.2,5,0,1,0,0
18227,1,21,217,93.8,93.8,5,0,1,0,0
17628,1,79,81,75.8,75.8,5,0,1,0,0
14353,1,64,215,90.6,90.6,6,0,1,0,0
14782,1,114,319,200.1,200.1,6,0,1,0,0
16828,1,58,112,113.5,113.5,7,0,1,0,0
15843,1,27,303,118.9,118.9,8,0,1,0,0
17349,1,102,179,98.3,98.3,8,0,1,0,0
17123,1,246,161,345.3,345.3,9,0,1,0,0
18169,1,61,60,202.7,202.7,9,0,1,0,0
13262,1,125,263,200.3,200.3,11,0,1,0,0
17877,1,98,170,237.6,237.6,12,0,1,0,0
13508,1,24,243,111,111,12,0,1,0,0
17278,1,179,241,246,246,15,0,1,0,0
13503,1,248,71,216.8,216.8,17,0,1,0,0
17977,1,342,29,288.1,288.1,19,0,1,0,0
16967,1,333,189,319,319,21,0,1,0,0
14165,1,53,275,120.4,120.4,23,0,1,0,0
13740,1,425,240,350.8,350.8,23,0,1,0,0
15904,1,84,8,164.7,164.7,30,0,1,0,0
15437,1,79,262,200.2,200.2,44,0,1,0,0
15325,1,231,103,161.7,161.7,47,0,1,0,0
17303,1,144,361,250,250,53,0,1,0,0
17301,1,137,21,163.2,163.2,59,0,1,0,0
15006,1,285,51,475.4,475.4,120,0,1,0,0
14382,1,1231,26,615.5,615.5,121,0,1,0,0
13307,1,4,120,15,15,1,0,1,0,0
15313,1,25,110,52,52,1,0,1,0,0
18174,1,50,7,104,104,1,0,1,0,0
13228,1,200,81,358,358,2,0,1,0,0
14373,1,17,358,76.5,76.5,4,0,1,0,0
13689,1,512,63,910,910,6,0,1,0,0
16516,1,58,30,101.7,101.7,6,0,1,0,0
15717,1,70,234,150.3,150.3,7,0,1,0,0
17639,1,49,276,108.5,108.5,7,0,1,0,0
13484,1,44,241,313.8,313.8,8,0,1,0,0
14212,1,1152,89,1070.5,1070.5,9,0,1,0,0
17118,1,154,317,157,157,10,0,1,0,0
14806,1,330,75,193.4,193.4,11,0,1,0,0
12834,1,110,282,312.4,312.4,18,0,1,0,0
15776,1,138,133,241.6,241.6,18,0,1,0,0
13600,1,324,312,219.5,219.5,19,0,1,0,0
16773,1,171,57,171.6,171.6,23,0,1,0,0
16650,1,372,71,518.4,518.4,24,0,1,0,0
17244,1,616,53,954.9,954.9,31,0,1,0,0
18004,1,75,362,157.9,157.9,32,0,1,0,0
16447,1,221,135,255.9,255.9,34,0,1,0,0
15408,1,106,264,267.2,267.2,34,0,1,0,0
18181,1,133,24,366.8,366.8,40,0,1,0,0
17514,1,135,128,208.7,208.7,40,0,1,0,0
17967,1,73,371,112.3,112.3,41,0,1,0,0
14923,1,418,50,749.1,749.1,44,0,1,0,0
18126,1,129,60,198.6,198.6,51,0,1,0,0
16776,1,254,60,371.5,371.5,61,0,1,0,0
15000,1,218,47,490.5,490.5,76,0,1,0,0
15510,1,2,330,250,250,1,0,1,0,0
17291,1,72,308,550.8,550.8,1,0,1,0,0
13298,1,96,1,360,360,2,0,1,0,0
13967,1,42,145,80.7,80.7,2,0,1,0,0
12587,1,50,7,104,104,3,0,1,0,0
13194,1,26,135,60.7,60.7,3,0,1,0,0
12736,1,168,332,144,144,3,0,1,0,0
18255,1,74,89,103.3,103.3,6,0,1,0,0
15256,1,55,148,98.5,98.5,6,0,1,0,0
17205,1,884,53,384.1,384.1,13,0,1,0,0
16587,1,71,232,225.2,225.2,13,0,1,0,0
14633,1,96,266,344.9,344.9,20,0,1,0,0
17985,1,171,22,631.4,631.4,20,0,1,0,0
16947,1,312,235,406.5,406.5,21,0,1,0,0
15115,1,157,18,340.1,340.1,21,0,1,0,0
12733,1,137,234,383.9,383.9,22,0,1,0,0
13594,1,359,52,397,397,26,0,1,0,0
16643,1,269,245,487.5,487.5,27,0,1,0,0
16142,1,422,249,535.3,535.3,37,0,1,0,0
13464,1,403,58,674.7,674.7,41,0,1,0,0
12851,1,106,96,131.8,131.8,43,0,1,0,0
14801,1,173,61,189.3,189.3,56,0,1,0,0
13243,1,232,203,585.1,585.1,56,0,1,0,0
14171,1,167,98,363.8,363.8,57,0,1,0,0
16344,1,18,158,101.1,101.1,1,0,1,0,0
14124,1,1618,84,419.6,419.6,4,0,1,0,0
15709,1,121,283,133.3,133.3,6,0,1,0,0
12509,1,54,284,158.5,158.5,6,0,1,0,0
14368,1,36,319,155,155,8,0,1,0,0
13809,1,29,305,155.1,155.1,11,0,1,0,0
16846,1,135,50,214.3,214.3,11,0,1,0,0
15333,1,344,208,1028.6,1028.6,16,0,1,0,0
13146,1,154,26,228.9,228.9,16,0,1,0,0
14972,1,28,128,114.8,114.8,18,0,1,0,0
14247,1,47,278,136.8,136.8,19,0,1,0,0
12715,1,190,106,263.4,263.4,19,0,1,0,0
16071,1,180,44,326.2,326.2,21,0,1,0,0
14762,1,341,263,300.5,300.5,21,0,1,0,0
12792,1,215,256,344.5,344.5,24,0,1,0,0
12573,1,84,227,160.5,160.5,26,0,1,0,0
13244,1,38,92,121.7,121.7,27,0,1,0,0
12893,1,90,30,176.5,176.5,27,0,1,0,0
18200,1,104,106,150.3,150.3,29,0,1,0,0
13737,1,125,200,339.6,339.6,29,0,1,0,0
12521,1,306,142,545.7,545.7,37,0,1,0,0
14988,1,141,211,334.5,334.5,40,0,1,0,0
14381,1,146,52,202.7,202.7,56,0,1,0,0
13635,1,677,67,1071,1071,62,0,1,0,0
18184,1,60,15,49.8,49.8,1,0,1,0,0
17942,1,38,7,77.5,77.5,2,0,1,0,0
16505,1,576,31,777.6,777.6,4,0,1,0,0
15247,1,160,122,356,356,6,0,1,0,0
15705,1,62,201,143.1,143.1,6,0,1,0,0
14219,1,78,4,89.9,89.9,7,0,1,0,0
12622,1,68,232,162.1,162.1,10,0,1,0,0
15970,1,116,303,314.1,314.1,11,0,1,0,0
12373,1,196,311,324.6,324.6,13,0,1,0,0
13889,1,146,92,416.9,416.9,15,0,1,0,0
12750,1,137,128,275.9,275.9,15,0,1,0,0
17171,1,185,289,224.9,224.9,16,0,1,0,0
13273,1,153,113,139,139,16,0,1,0,0
13874,1,180,358,540.5,540.5,18,0,1,0,0
17761,1,398,32,712.8,712.8,19,0,1,0,0
13706,1,189,302,330.8,330.8,20,0,1,0,0
16697,1,27,241,112.8,112.8,20,0,1,0,0
15652,1,208,91,337.7,337.7,21,0,1,0,0
17046,1,510,157,642,642,22,0,1,0,0
14184,1,127,66,452.9,452.9,24,0,1,0,0
16614,1,223,182,506.2,506.2,26,0,1,0,0
14489,1,299,207,463.4,463.4,30,0,1,0,0
15585,1,320,176,455.3,455.3,31,0,1,0,0
15335,1,79,53,170.2,170.2,34,0,1,0,0
12475,1,532,53,669.4,669.4,35,0,1,0,0
17431,1,292,313,403.3,403.3,41,0,1,0,0
17597,1,1176,213,2044.4,2044.4,55,0,1,0,0
15457,1,132,262,237.1,237.1,56,0,1,0,0
13357,1,321,257,609.4,609.4,85,0,1,0,0
15004,1,622,147,1220.4,1220.4,153,0,1,0,0
15562,1,39,351,134.6,134.6,1,0,1,0,0
15488,1,72,92,76.3,76.3,1,0,1,0,0
13132,1,20,261,77.3,77.3,3,0,1,0,0
12756,1,144,86,112.1,112.1,4,0,1,0,0
16623,1,39,245,129.4,129.4,5,0,1,0,0
15703,1,66,264,211.5,211.5,5,0,1,0,0
13002,1,73,318,120.9,120.9,7,0,1,0,0
13260,1,142,61,557.6,557.6,8,0,1,0,0
12588,1,52,39,174.9,174.9,9,0,1,0,0
17791,1,46,29,106.1,106.1,10,0,1,0,0
13482,1,116,232,184.6,184.6,11,0,1,0,0
15659,1,111,43,306.5,306.5,11,0,1,0,0
16509,1,64,296,363.7,363.7,13,0,1,0,0
16125,1,124,367,289.4,289.4,13,0,1,0,0
15504,1,33,81,52.8,52.8,13,0,1,0,0
13226,1,80,273,108.2,108.2,16,0,1,0,0
13177,1,91,64,282.4,282.4,17,0,1,0,0
15825,1,220,172,532.9,532.9,20,0,1,0,0
12639,1,198,238,366.1,366.1,21,0,1,0,0
15149,1,128,133,520.8,520.8,23,0,1,0,0
17880,1,314,364,458.9,458.9,26,0,1,0,0
12923,1,67,64,171.6,171.6,27,0,1,0,0
16529,1,198,190,455.3,455.3,30,0,1,0,0
16461,1,48,177,142.9,142.9,31,0,1,0,0
16721,1,172,262,292.5,292.5,37,0,1,0,0
16084,1,216,299,436.2,436.2,38,0,1,0,0
16727,1,167,364,256.3,256.3,41,0,1,0,0
17763,1,12,263,15,15,1,0,1,0,0
18068,1,6,289,101.7,101.7,1,0,1,0,0
17995,1,133,281,76.1,76.1,2,0,1,0,0
12403,1,94,49,391.7,391.7,4,0,1,0,0
14386,1,54,296,142.4,142.4,7,0,1,0,0
15262,1,73,323,178.9,178.9,10,0,1,0,0
18066,1,108,75,318,318,10,0,1,0,0
14241,1,146,183,213.7,213.7,10,0,1,0,0
17165,1,100,284,158.7,158.7,10,0,1,0,0
14666,1,155,24,179.9,179.9,13,0,1,0,0
16471,1,141,274,223.9,223.9,13,0,1,0,0
12489,1,103,336,298.9,298.9,14,0,1,0,0
13065,1,74,373,205.9,205.9,14,0,1,0,0
13886,1,126,71,243.6,243.6,16,0,1,0,0
12623,1,189,276,269.1,269.1,17,0,1,0,0
17343,1,56,355,193.6,193.6,17,0,1,0,0
12953,1,84,9,329.8,329.8,17,0,1,0,0
12956,1,34,306,108.1,108.1,19,0,1,0,0
12452,1,181,16,348.6,348.6,20,0,1,0,0
17038,1,28,30,112.4,112.4,22,0,1,0,0
12833,1,156,145,417.4,417.4,24,0,1,0,0
15774,1,87,68,270.8,270.8,25,0,1,0,0
16820,1,307,95,497.6,497.6,26,0,1,0,0
17333,1,375,85,494.3,494.3,28,0,1,0,0
12374,1,339,25,622.9,622.9,32,0,1,0,0
16345,1,288,44,565.5,565.5,35,0,1,0,0
14158,1,781,40,507.7,507.7,41,0,1,0,0
15795,1,581,149,610,610,42,0,1,0,0
15891,1,417,226,509.1,509.1,59,0,1,0,0
16795,1,239,365,414.9,414.9,64,0,1,0,0
16065,1,228,365,367.1,367.1,71,0,1,0,0
12965,1,282,89,769.8,769.8,108,0,1,0,0
15389,1,400,172,500,500,1,0,1,0,0
12791,1,96,373,177.6,177.6,1,0,1,0,0
17831,1,12,33,35.4,35.4,2,0,1,0,0
12353,1,20,204,89,89,4,0,1,0,0
12984,1,26,18,97.5,97.5,4,0,1,0,0
15180,1,36,367,87.5,87.5,6,0,1,0,0
16248,1,78,61,152.9,152.9,7,0,1,0,0
13806,1,56,63,256.4,256.4,10,0,1,0,0
17680,1,96,23,184.4,184.4,11,0,1,0,0
12795,1,64,18,318.5,318.5,13,0,1,0,0
14964,1,143,247,206.2,206.2,13,0,1,0,0
17128,1,76,334,157.1,157.1,14,0,1,0,0
13060,1,123,253,307.5,307.5,15,0,1,0,0
14536,1,39,259,170.9,170.9,18,0,1,0,0
16448,1,76,198,183,183,19,0,1,0,0
14622,1,146,184,320.6,320.6,21,0,1,0,0
17654,1,41,277,117.6,117.6,22,0,1,0,0
15314,1,313,199,328,328,24,0,1,0,0
17219,1,89,31,114.2,114.2,24,0,1,0,0
12866,1,167,283,499.1,499.1,25,0,1,0,0
18216,1,200,31,481.8,481.8,26,0,1,0,0
16574,1,416,71,451.4,451.4,28,0,1,0,0
17712,1,215,44,522.9,522.9,29,0,1,0,0
18212,1,92,326,216.1,216.1,30,0,1,0,0
12631,1,232,57,480.5,480.5,30,0,1,0,0
15303,1,248,290,574,574,31,0,1,0,0
12478,1,233,3,546,546,35,0,1,0,0
13385,1,281,329,534.6,534.6,35,0,1,0,0
17660,1,121,141,178.7,178.7,37,0,1,0,0
14459,1,760,155,1837.9,1837.9,37,0,1,0,0
14357,1,147,43,225.1,225.1,39,0,1,0,0
17286,1,117,21,151.4,151.4,44,0,1,0,0
15464,1,348,338,1044.7,1044.7,155,0,1,0,0
13188,1,24,11,99.6,99.6,1,0,1,0,0
13948,1,40,360,102,102,3,0,1,0,0
14962,1,44,270,126.7,126.7,5,0,1,0,0
15397,1,20,289,94,94,6,0,1,0,0
17881,1,32,304,133.4,133.4,8,0,1,0,0
13751,1,152,288,296.3,296.3,9,0,1,0,0
17525,1,82,359,422.7,422.7,9,0,1,0,0
13513,1,109,126,205.1,205.1,10,0,1,0,0
14046,1,443,284,151.6,151.6,13,0,1,0,0
14480,1,143,11,279.1,279.1,13,0,1,0,0
15236,1,269,298,321.1,321.1,15,0,1,0,0
18185,1,183,249,304.3,304.3,17,0,1,0,0
14476,1,110,257,193,193,17,0,1,0,0
16482,1,346,15,220.6,220.6,18,0,1,0,0
14098,1,104,36,147.4,147.4,21,0,1,0,0
18159,1,139,301,530.2,530.2,23,0,1,0,0
12824,1,232,59,397.1,397.1,25,0,1,0,0
17960,1,41,171,73.8,73.8,26,0,1,0,0
13721,1,316,36,524.1,524.1,28,0,1,0,0
12420,1,345,63,600.4,600.4,29,0,1,0,0
15415,1,551,313,559.6,559.6,46,0,1,0,0
15041,1,103,170,179.9,179.9,66,0,1,0,0
16737,1,288,53,417.6,417.6,1,0,1,0,0
14039,1,92,33,152.2,152.2,6,0,1,0,0
18240,1,126,46,422.6,422.6,6,0,1,0,0
16610,1,66,219,75.7,75.7,6,0,1,0,0
13581,1,30,309,118,118,10,0,1,0,0
17517,1,102,308,153.9,153.9,11,0,1,0,0
13973,1,109,287,264.7,264.7,11,0,1,0,0
16282,1,114,339,168.3,168.3,11,0,1,0,0
15174,1,145,322,135.8,135.8,11,0,1,0,0
17535,1,136,280,164.4,164.4,13,0,1,0,0
17153,1,104,24,213.8,213.8,14,0,1,0,0
12515,1,128,353,278.7,278.7,15,0,1,0,0
12920,1,128,17,162.8,162.8,27,0,1,0,0
15075,1,447,77,773,773,27,0,1,0,0
17582,1,123,236,175.3,175.3,28,0,1,0,0
16030,1,283,309,331.2,331.2,28,0,1,0,0
14722,1,118,147,180.4,180.4,28,0,1,0,0
14349,1,86,10,133.5,133.5,31,0,1,0,0
12769,1,356,238,1143.6,1143.6,32,0,1,0,0
17891,1,393,162,203.9,203.9,34,0,1,0,0
12739,1,485,99,975.5,975.5,37,0,1,0,0
12453,1,473,134,707.1,707.1,43,0,1,0,0
17806,1,727,11,546,546,43,0,1,0,0
12764,1,386,316,1693.9,1693.9,45,0,1,0,0
15553,1,449,60,428.9,428.9,51,0,1,0,0
18082,1,608,25,680.8,680.8,62,0,1,0,0
17331,1,16,123,175.2,175.2,1,0,1,0,0
13841,1,100,252,85,85,1,0,1,0,0
13703,1,10,318,99.5,99.5,1,0,1,0,0
17382,1,24,65,50.4,50.4,1,0,1,0,0
13006,1,55,56,81.6,81.6,4,0,1,0,0
14887,1,1100,79,1862,1862,6,0,1,0,0
18086,1,106,274,101.3,101.3,7,0,1,0,0
16178,1,94,138,197.9,197.9,8,0,1,0,0
13858,1,75,57,216.2,216.2,11,0,1,0,0
12770,1,743,210,1351.4,1351.4,12,0,1,0,0
15554,1,74,277,217.2,217.2,14,0,1,0,0
13382,1,131,280,223,223,15,0,1,0,0
14974,1,37,37,89.9,89.9,17,0,1,0,0
16366,1,256,18,327.3,327.3,18,0,1,0,0
16563,1,486,53,1077.7,1077.7,19,0,1,0,0
13332,1,179,14,350.9,350.9,21,0,1,0,0
16830,1,264,38,325.9,325.9,23,0,1,0,0
15099,1,343,84,410.5,410.5,23,0,1,0,0
14873,1,168,210,519.7,519.7,28,0,1,0,0
17111,1,282,47,231.6,231.6,29,0,1,0,0
15450,1,376,30,429.8,429.8,30,0,1,0,0
17499,1,711,289,622.9,622.9,40,0,1,0,0
12354,1,530,232,1079.4,1079.4,58,0,1,0,0
13176,1,448,46,481.5,481.5,66,0,1,0,0
12398,1,1389,45,1435.7,1435.7,84,0,1,0,0
15118,1,1440,134,244.8,244.8,1,0,1,0,0
18133,1,1350,212,931.5,931.5,1,0,1,0,0
12817,1,52,281,126,126,3,0,1,0,0
14080,1,48,32,45.6,45.6,4,0,1,0,0
18209,1,58,28,139.1,139.1,8,0,1,0,0
12361,1,90,287,174.9,174.9,9,0,1,0,0
17117,1,68,288,116.2,116.2,9,0,1,0,0
14727,1,62,274,268.6,268.6,10,0,1,0,0
12602,1,162,58,153.1,153.1,12,0,1,0,0
14581,1,217,16,138.6,138.6,16,0,1,0,0
15604,1,159,52,216.4,216.4,17,0,1,0,0
16339,1,21,284,94.1,94.1,17,0,1,0,0
13052,1,222,212,348.2,348.2,18,0,1,0,0
12790,1,164,192,294.9,294.9,20,0,1,0,0
14317,1,255,64,508.6,508.6,24,0,1,0,0
15543,1,86,288,127.9,127.9,26,0,1,0,0
13356,1,325,80,768.2,768.2,42,0,1,0,0
18045,1,138,45,178.3,178.3,43,0,1,0,0
16594,1,64,75,181.1,181.1,53,0,1,0,0
14375,1,184,185,235.6,235.6,57,0,1,0,0
16340,1,486,107,534.3,534.3,124,0,1,0,0
13135,1,4300,196,3096,3096,1,0,1,0,0
14423,1,120,218,265.2,265.2,3,0,1,0,0
16377,1,1500,267,676.2,676.2,5,0,1,0,0
17718,1,83,232,139.3,139.3,6,0,1,0,0
16757,1,81,318,106.8,106.8,7,0,1,0,0
17122,1,80,119,138.3,138.3,7,0,1,0,0
15419,1,230,24,135.9,135.9,8,0,1,0,0
15226,1,71,310,154.4,154.4,8,0,1,0,0
13937,1,123,169,158.8,158.8,9,0,1,0,0
16756,1,106,214,239.4,239.4,13,0,1,0,0
14885,1,724,131,765.3,765.3,15,0,1,0,0
14932,1,79,365,313.5,313.5,16,0,1,0,0
16793,1,146,57,243.8,243.8,16,0,1,0,0
13328,1,680,316,1308.5,1308.5,17,0,1,0,0
13045,1,221,99,305.3,305.3,18,0,1,0,0
18222,1,335,92,443,443,19,0,1,0,0
16715,1,642,78,301.7,301.7,19,0,1,0,0
15185,1,666,70,310.6,310.6,21,0,1,0,0
15537,1,29,163,110.9,110.9,24,0,1,0,0
17542,1,134,269,170.8,170.8,24,0,1,0,0
16720,1,180,26,152.9,152.9,25,0,1,0,0
12591,1,225,317,368.8,368.8,25,0,1,0,0
15326,1,386,333,311.7,311.7,29,0,1,0,0
17899,1,170,159,154.5,154.5,29,0,1,0,0
16978,1,166,77,344.3,344.3,39,0,1,0,0
14076,1,79,129,118.7,118.7,43,0,1,0,0
15870,1,333,32,351.4,351.4,68,0,1,0,0
15657,1,24,22,30,30,1,0,1,0,0
14566,1,800,110,1432,1432,4,0,1,0,0
16569,1,93,3,124.2,124.2,5,0,1,0,0
14155,1,25,266,118.8,118.8,6,0,1,0,0
16582,1,164,113,313.6,313.6,6,0,1,0,0
14601,1,168,10,214,214,7,0,1,0,0
14523,1,251,108,241.1,241.1,12,0,1,0,0
14218,1,160,42,169.5,169.5,12,0,1,0,0
14089,1,133,56,158.8,158.8,13,0,1,0,0
15396,1,122,112,288.2,288.2,14,0,1,0,0
13411,1,72,107,213.5,213.5,17,0,1,0,0
13923,1,185,53,351.1,351.1,20,0,1,0,0
15052,1,79,319,207.7,207.7,27,0,1,0,0
16732,1,317,31,603.8,603.8,28,0,1,0,0
12922,1,370,161,405.4,405.4,28,0,1,0,0
15475,1,319,77,454.1,454.1,29,0,1,0,0
16754,1,4280,372,2002.4,2002.4,2,0,1,0,0
15395,1,17,325,107.5,107.5,7,0,1,0,0
13807,1,36,367,112.6,112.6,7,0,1,0,0
17148,1,82,51,124.9,124.9,9,0,1,0,0
15667,1,240,39,301.3,301.3,13,0,1,0,0
17785,1,67,53,131.9,131.9,13,0,1,0,0
13348,1,136,64,233.8,233.8,14,0,1,0,0
13419,1,275,63,221.1,221.1,16,0,1,0,0
16193,1,219,236,314.4,314.4,19,0,1,0,0
16236,1,184,78,432.2,432.2,20,0,1,0,0
13210,1,316,93,353.5,353.5,22,0,1,0,0
12491,1,258,38,424.4,424.4,24,0,1,0,0
15592,1,354,46,388.6,388.6,24,0,1,0,0
14753,1,211,87,563.1,563.1,30,0,1,0,0
16413,1,148,56,262.2,262.2,30,0,1,0,0
16117,1,130,189,232.2,232.2,30,0,1,0,0
16052,1,282,54,362.1,362.1,34,0,1,0,0
14968,1,127,30,147.6,147.6,37,0,1,0,0
13568,1,66,173,187.1,187.1,41,0,1,0,0
13291,1,233,155,361.1,361.1,41,0,1,0,0
14485,1,70,38,162.8,162.8,44,0,1,0,0
14675,1,336,16,596.4,596.4,93,0,1,0,0
14148,1,16,233,157.2,157.2,3,0,1,0,0
15744,1,120,77,34.8,34.8,3,0,1,0,0
14457,1,88,310,113.6,113.6,4,0,1,0,0
17640,1,250,86,621.7,621.7,5,0,1,0,0
13080,1,120,179,58.1,58.1,6,0,1,0,0
15909,1,98,173,191.9,191.9,7,0,1,0,0
14693,1,34,264,172.9,172.9,8,0,1,0,0
13712,1,352,246,228.8,228.8,10,0,1,0,0
14975,1,380,57,279.9,279.9,11,0,1,0,0
15385,1,161,40,316.9,316.9,12,0,1,0,0
15692,1,138,28,191,191,12,0,1,0,0
17987,1,261,185,198.6,198.6,13,0,1,0,0
15087,1,470,281,306.9,306.9,15,0,1,0,0
16526,1,106,171,290.4,290.4,15,0,1,0,0
12690,1,103,205,335,335,15,0,1,0,0
15885,1,109,93,349.4,349.4,16,0,1,0,0
13678,1,924,151,232.6,232.6,16,0,1,0,0
17120,1,120,233,307.5,307.5,18,0,1,0,0
13304,1,238,351,300.4,300.4,21,0,1,0,0
17836,1,87,47,109.8,109.8,22,0,1,0,0
17520,1,365,53,546.8,546.8,30,0,1,0,0
15556,1,236,24,279.8,279.8,31,0,1,0,0
13800,1,331,309,558.3,558.3,33,0,1,0,0
13878,1,463,54,1271.6,1271.6,35,0,1,0,0
15900,1,216,23,337.3,337.3,44,0,1,0,0
13583,1,725,155,781,781,53,0,1,0,0
13979,1,639,73,869.9,869.9,54,0,1,0,0
17832,1,208,49,155.4,155.4,61,0,1,0,0
14954,1,117,12,294.8,294.8,75,0,1,0,0
12378,1,2529,129,4008.6,4008.6,219,0,1,0,0
17427,1,34,71,100.8,100.8,2,0,1,0,0
15216,1,28,87,96.6,96.6,2,0,1,0,0
12445,1,60,22,77.4,77.4,3,0,1,0,0
13739,1,54,18,216.9,216.9,3,0,1,0,0
15899,1,39,368,56.3,56.3,4,0,1,0,0
13522,1,44,30,125.8,125.8,5,0,1,0,0
15593,1,60,70,199.8,199.8,5,0,1,0,0
13876,1,36,63,122.7,122.7,7,0,1,0,0
18224,1,69,263,158.9,158.9,10,0,1,0,0
13061,1,107,72,248.6,248.6,10,0,1,0,0
15935,1,114,239,108,108,11,0,1,0,0
17110,1,50,165,163.3,163.3,12,0,1,0,0
16510,1,92,372,248.1,248.1,13,0,1,0,0
15637,1,128,52,223.4,223.4,15,0,1,0,0
15127,1,251,65,406.5,406.5,16,0,1,0,0
15789,1,438,358,351.3,351.3,25,0,1,0,0
15035,1,245,89,252.7,252.7,26,0,1,0,0
14139,1,510,46,415.8,415.8,26,0,1,0,0
15300,1,292,64,496.4,496.4,28,0,1,0,0
15551,1,218,36,436.1,436.1,29,0,1,0,0
16613,1,293,70,618.6,618.6,30,0,1,0,0
13934,1,390,263,922.1,922.1,31,0,1,0,0
18106,1,126,329,421.9,421.9,33,0,1,0,0
18192,1,339,71,958,958,45,0,1,0,0
18015,1,157,4,120,120,46,0,1,0,0
12772,1,551,59,752.5,752.5,54,0,1,0,0
17070,1,131,114,304.2,304.2,62,0,1,0,0
14729,1,197,373,313.5,313.5,69,0,1,0,0
15069,1,520,179,1109.5,1109.5,70,0,1,0,0
16738,1,3,297,3.8,3.8,1,0,1,0,0
18233,1,4,325,440,440,1,0,1,0,0
16953,1,10,30,20.8,20.8,1,0,1,0,0
16659,1,72,189,39.1,39.1,2,0,1,0,0
14589,1,5,371,39.8,39.8,3,0,1,0,0
17206,1,76,53,204.2,204.2,7,0,1,0,0
14632,1,96,262,114.6,114.6,8,0,1,0,0
18249,1,128,17,95.3,95.3,8,0,1,0,0
13778,1,70,103,178.7,178.7,9,0,1,0,0
12966,1,75,9,160.2,160.2,10,0,1,0,0
16050,1,278,173,137.9,137.9,10,0,1,0,0
12367,1,172,4,150.9,150.9,10,0,1,0,0
16450,1,200,149,311.9,311.9,11,0,1,0,0
14847,1,120,148,309.4,309.4,13,0,1,0,0
17142,1,81,239,579,579,15,0,1,0,0
14888,1,184,207,369.2,369.2,20,0,1,0,0
15930,1,139,67,426.6,426.6,21,0,1,0,0
13239,1,327,261,329.6,329.6,21,0,1,0,0
17859,1,102,304,141.9,141.9,23,0,1,0,0
14894,1,265,85,655.8,655.8,23,0,1,0,0
16834,1,358,227,413.5,413.5,24,0,1,0,0
15975,1,243,84,371,371,24,0,1,0,0
13670,1,282,75,349.7,349.7,25,0,1,0,0
16141,1,238,88,620.4,620.4,30,0,1,0,0
13732,1,498,28,491.9,491.9,33,0,1,0,0
17843,1,88,303,197.7,197.7,35,0,1,0,0
13341,1,301,260,775.9,775.9,42,0,1,0,0
15255,1,489,66,890.9,890.9,47,0,1,0,0
17984,1,98,145,152.7,152.7,48,0,1,0,0
17383,1,148,4,193.4,193.4,49,0,1,0,0
12988,1,126,292,505.8,505.8,75,0,1,0,0
12814,1,48,101,85.9,85.9,1,0,1,0,0
12401,1,10,303,69.3,69.3,4,0,1,0,0
13160,1,56,22,91.8,91.8,4,0,1,0,0
17620,1,60,59,81.4,81.4,4,0,1,0,0
18281,1,54,180,80.8,80.8,7,0,1,0,0
15758,1,47,24,205.3,205.3,9,0,1,0,0
13033,1,83,357,190.6,190.6,11,0,1,0,0
15307,1,37,95,205.3,205.3,12,0,1,0,0
16796,1,186,89,305.6,305.6,18,0,1,0,0
16305,1,256,138,361.2,361.2,22,0,1,0,0
13859,1,129,326,201.2,201.2,27,0,1,0,0
15435,1,54,22,149.3,149.3,29,0,1,0,0
15994,1,173,54,414.3,414.3,31,0,1,0,0
12667,1,391,58,460.1,460.1,32,0,1,0,0
13354,1,604,71,743.5,743.5,51,0,1,0,0
12371,1,582,59,1528,1528,62,0,1,0,0
18117,1,604,25,314.4,314.4,67,0,1,0,0
14093,1,391,12,433.9,433.9,95,0,1,0,0
17443,1,504,219,534.2,534.2,1,0,1,0,0
16078,1,16,283,79.2,79.2,1,0,1,0,0
15445,1,58,264,113.5,113.5,5,0,1,0,0
12821,1,70,214,92.7,92.7,6,0,1,0,0
16106,1,74,65,108.4,108.4,6,0,1,0,0
17958,1,84,116,508.5,508.5,7,0,1,0,0
18042,1,33,53,165,165,7,0,1,0,0
15958,1,33,74,104.3,104.3,7,0,1,0,0
16114,1,43,170,135.8,135.8,8,0,1,0,0
16097,1,87,240,185,185,10,0,1,0,0
14935,1,935,297,1784.7,1784.7,10,0,1,0,0
13436,1,76,1,196.9,196.9,12,0,1,0,0
14957,1,34,253,58.5,58.5,12,0,1,0,0
16215,1,104,80,242.4,242.4,14,0,1,0,0
16123,1,170,51,307.8,307.8,16,0,1,0,0
17253,1,43,18,178.3,178.3,18,0,1,0,0
15623,1,125,141,301,301,19,0,1,0,0
13142,1,258,19,307.1,307.1,23,0,1,0,0
12580,1,236,246,379.7,379.7,23,0,1,0,0
12644,1,325,129,477.9,477.9,31,0,1,0,0
12418,1,407,112,668.6,668.6,34,0,1,0,0
16204,1,218,23,384.2,384.2,45,0,1,0,0
13270,1,200,366,590,590,1,0,1,0,0
16162,1,4,252,37.4,37.4,2,0,1,0,0
13011,1,13,372,50.6,50.6,3,0,1,0,0
13514,1,40,73,152.2,152.2,4,0,1,0,0
14816,1,5,197,271.9,271.9,4,0,1,0,0
16432,1,276,64,287.4,287.4,8,0,1,0,0
13686,1,70,182,72,72,8,0,1,0,0
16586,1,95,248,463.9,463.9,8,0,1,0,0
16337,1,87,36,151.1,151.1,10,0,1,0,0
16829,1,99,156,197.2,197.2,11,0,1,0,0
16179,1,99,60,215.8,215.8,11,0,1,0,0
17670,1,110,227,205.7,205.7,11,0,1,0,0
13697,1,177,38,151.3,151.3,12,0,1,0,0
16096,1,155,264,320.6,320.6,12,0,1,0,0
16105,1,330,248,337,337,13,0,1,0,0
16315,1,75,330,226.4,226.4,14,0,1,0,0
13828,1,311,22,209.5,209.5,15,0,1,0,0
14687,1,470,106,628.4,628.4,15,0,1,0,0
15634,1,99,17,243.6,243.6,15,0,1,0,0
14638,1,166,50,443.6,443.6,16,0,1,0,0
14881,1,316,19,255.4,255.4,17,0,1,0,0
16202,1,191,360,365.3,365.3,18,0,1,0,0
13075,1,485,129,919.6,919.6,22,0,1,0,0
13504,1,178,64,295.9,295.9,22,0,1,0,0
15090,1,208,308,381.3,381.3,23,0,1,0,0
17233,1,131,35,190.9,190.9,25,0,1,0,0
14022,1,487,225,440,440,28,0,1,0,0
14270,1,197,331,492.6,492.6,29,0,1,0,0
15541,1,49,114,85.1,85.1,29,0,1,0,0
16932,1,82,53,150.2,150.2,44,0,1,0,0
14552,1,90,151,164.2,164.2,57,0,1,0,0
12446,1,351,57,1002.3,1002.3,57,0,1,0,0
14196,1,142,106,335.5,335.5,6,0,1,0,0
13786,1,136,367,230.4,230.4,7,0,1,0,0
17643,1,71,373,101.6,101.6,8,0,1,0,0
13101,1,113,234,101.2,101.2,8,0,1,0,0
16917,1,232,276,391.5,391.5,9,0,1,0,0
15204,1,258,357,316.6,316.6,9,0,1,0,0
15683,1,131,117,193.8,193.8,10,0,1,0,0
18215,1,118,89,299.3,299.3,13,0,1,0,0
13067,1,32,82,115.5,115.5,14,0,1,0,0
13351,1,116,66,323.9,323.9,15,0,1,0,0
17176,1,170,201,306.1,306.1,15,0,1,0,0
15010,1,184,35,308.9,308.9,20,0,1,0,0
17510,1,214,24,308.5,308.5,20,0,1,0,0
17194,1,112,360,226.8,226.8,25,0,1,0,0
15639,1,323,134,425.3,425.3,25,0,1,0,0
15372,1,2924,137,2007.4,2007.4,27,0,1,0,0
14082,1,110,364,182.3,182.3,28,0,1,0,0
16275,1,336,196,559.9,559.9,33,0,1,0,0
16753,1,189,58,223.9,223.9,34,0,1,0,0
13518,1,382,85,627.2,627.2,36,0,1,0,0
14362,1,96,22,151.5,151.5,37,0,1,0,0
14014,1,1076,77,505.2,505.2,39,0,1,0,0
16971,1,72,38,357.2,357.2,40,0,1,0,0
15480,1,303,116,905.5,905.5,45,0,1,0,0
16936,1,171,25,261.9,261.9,56,0,1,0,0
17956,1,1,249,12.8,12.8,1,0,1,0,0
16990,1,100,218,179,179,1,0,1,0,0
17553,1,1048,129,1487.6,1487.6,2,0,1,0,0
15043,1,300,31,537,537,3,0,1,0,0
13551,1,12,319,91.8,91.8,4,0,1,0,0
15266,1,18,338,119.3,119.3,6,0,1,0,0
17325,1,60,280,96.8,96.8,6,0,1,0,0
13059,1,35,249,183.4,183.4,8,0,1,0,0
14436,1,129,98,89.1,89.1,9,0,1,0,0
14804,1,121,8,353.3,353.3,12,0,1,0,0
17172,1,480,78,317.8,317.8,15,0,1,0,0
15820,1,128,319,207,207,17,0,1,0,0
18203,1,43,157,160.4,160.4,19,0,1,0,0
13395,1,336,185,307.7,307.7,21,0,1,0,0
12945,1,165,288,462.9,462.9,23,0,1,0,0
13485,1,277,233,454.2,454.2,23,0,1,0,0
12506,1,23,232,73.5,73.5,23,0,1,0,0
15175,1,454,71,224.1,224.1,23,0,1,0,0
15528,1,123,254,229.3,229.3,26,0,1,0,0
18014,1,65,28,154.3,154.3,28,0,1,0,0
13572,1,534,205,1384.3,1384.3,32,0,1,0,0
12514,1,440,267,1017.7,1017.7,51,0,1,0,0
16171,1,24,59,73.2,73.2,3,0,1,0,0
15368,1,230,21,446.9,446.9,4,0,1,0,0
14861,1,117,52,125.8,125.8,6,0,1,0,0
14406,1,77,119,156.8,156.8,8,0,1,0,0
17534,1,103,53,223.4,223.4,9,0,1,0,0
14208,1,114,94,151.7,151.7,10,0,1,0,0
14355,1,92,365,174.4,174.4,11,0,1,0,0
15119,1,88,245,266.4,266.4,14,0,1,0,0
17973,1,176,51,337,337,15,0,1,0,0
14886,1,160,252,364.8,364.8,18,0,1,0,0
16260,1,311,50,1035.5,1035.5,18,0,1,0,0
13621,1,343,116,213.8,213.8,19,0,1,0,0
12448,1,240,44,365.5,365.5,21,0,1,0,0
17767,1,128,15,271.2,271.2,21,0,1,0,0
15264,1,265,64,393.7,393.7,23,0,1,0,0
16380,1,1428,61,1743.2,1743.2,28,0,1,0,0
15677,1,319,49,657.2,657.2,33,0,1,0,0
15074,1,431,105,735.7,735.7,41,0,1,0,0
16415,1,178,44,200.3,200.3,45,0,1,0,0
13474,1,129,236,226.8,226.8,59,0,1,0,0
17914,1,457,3,329.4,329.4,72,0,1,0,0
12890,1,256,24,376.7,376.7,78,0,1,0,0
16148,1,72,296,76.3,76.3,1,0,1,0,0
16679,1,29,366,129.8,129.8,3,0,1,0,0
16617,1,91,235,151.8,151.8,5,0,1,0,0
14143,1,30,133,115.8,115.8,7,0,1,0,0
15463,1,106,29,126.1,126.1,7,0,1,0,0
13103,1,82,39,243.9,243.9,8,0,1,0,0
16849,1,33,186,124.6,124.6,8,0,1,0,0
14908,1,132,74,277.8,277.8,9,0,1,0,0
17464,1,220,158,290,290,9,0,1,0,0
14924,1,64,245,310.1,310.1,10,0,1,0,0
12442,1,181,3,144.1,144.1,11,0,1,0,0
12660,1,126,11,227.1,227.1,12,0,1,0,0
12531,1,45,14,125.2,125.2,17,0,1,0,0
18120,1,31,214,111.2,111.2,17,0,1,0,0
17356,1,166,311,178.2,178.2,19,0,1,0,0
16627,1,162,79,322.8,322.8,20,0,1,0,0
17919,1,756,88,1304,1304,23,0,1,0,0
13602,1,267,64,428.9,428.9,23,0,1,0,0
14578,1,240,3,168.6,168.6,24,0,1,0,0
16400,1,172,94,303.9,303.9,28,0,1,0,0
18104,1,362,37,754.6,754.6,38,0,1,0,0
14036,1,268,284,626.7,626.7,38,0,1,0,0
17860,1,93,368,226.4,226.4,49,0,1,0,0
12752,1,2262,81,4366.8,4366.8,53,0,1,0,0
16270,1,688,353,1141.2,1141.2,54,0,1,0,0
13339,1,326,200,860.1,860.1,54,0,1,0,0
15019,1,150,266,252.8,252.8,64,0,1,0,0
12611,1,846,52,1193.3,1193.3,65,0,1,0,0
15721,1,388,11,471.4,471.4,80,0,1,0,0
15720,1,281,24,598.7,598.7,128,0,1,0,0
13296,1,78,137,87.4,87.4,5,0,1,0,0
16789,1,32,8,80.8,80.8,5,0,1,0,0
13992,1,64,30,76.8,76.8,5,0,1,0,0
16959,1,49,87,117.3,117.3,7,0,1,0,0
18278,1,66,73,173.9,173.9,9,0,1,0,0
15348,1,84,72,158,158,9,0,1,0,0
15773,1,311,5,635.7,635.7,10,0,1,0,0
12618,1,95,21,137.3,137.3,10,0,1,0,0
16641,1,256,105,231.1,231.1,12,0,1,0,0
16198,1,128,75,400.7,400.7,14,0,1,0,0
18251,1,7824,87,4314.7,4314.7,16,0,1,0,0
13716,1,138,269,138.3,138.3,21,0,1,0,0
15130,1,197,169,330.1,330.1,22,0,1,0,0
15097,1,170,4,248.1,248.1,25,0,1,0,0
15142,1,365,46,498.7,498.7,26,0,1,0,0
13560,1,63,7,171.4,171.4,32,0,1,0,0
16769,1,80,260,361.5,361.5,33,0,1,0,0
18088,1,107,61,166,166,35,0,1,0,0
15723,1,73,364,190.7,190.7,37,0,1,0,0
15167,1,65,320,158.8,158.8,39,0,1,0,0
16718,1,407,369,606,606,41,0,1,0,0
16893,1,62,366,145.9,145.9,44,0,1,0,0
15978,1,888,77,1098.8,1098.8,49,0,1,0,0
15503,1,70,362,141,141,66,0,1,0,0
16022,1,255,260,602.6,602.6,68,0,1,0,0
14705,1,100,198,179,179,1,0,1,0,0
13185,1,12,267,71.4,71.4,1,0,1,0,0
15691,1,72,252,136.8,136.8,2,0,1,0,0
13947,1,44,65,90.6,90.6,5,0,1,0,0
15042,1,30,199,135.9,135.9,5,0,1,0,0
17455,1,66,203,131.7,131.7,8,0,1,0,0
14012,1,160,277,328.8,328.8,11,0,1,0,0
17684,1,145,43,239.4,239.4,15,0,1,0,0
15540,1,200,11,213.3,213.3,15,0,1,0,0
13932,1,72,294,307.4,307.4,16,0,1,0,0
15148,1,187,10,301.3,301.3,20,0,1,0,0
12614,1,76,277,315.6,315.6,20,0,1,0,0
15210,1,228,225,331.2,331.2,20,0,1,0,0
16826,1,158,51,341.7,341.7,22,0,1,0,0
15292,1,55,201,178.4,178.4,24,0,1,0,0
16708,1,285,45,656.6,656.6,27,0,1,0,0
16026,1,243,43,236.1,236.1,30,0,1,0,0
16535,1,356,5,593.7,593.7,31,0,1,0,0
17885,1,110,12,156.3,156.3,50,0,1,0,0
13336,1,559,77,795.1,795.1,51,0,1,0,0
12784,1,278,15,476.8,476.8,53,0,1,0,0
17976,1,93,372,321.8,321.8,56,0,1,0,0
17052,1,251,28,399.1,399.1,72,0,1,0,0
15316,1,100,326,165,165,1,0,1,0,0
14090,1,72,324,76.3,76.3,1,0,1,0,0
12917,1,120,128,594,594,2,0,1,0,0
17212,1,147,253,226.8,226.8,4,0,1,0,0
13218,1,88,127,62.6,62.6,5,0,1,0,0
18019,1,7,51,38.5,38.5,5,0,1,0,0
15083,1,38,256,88.2,88.2,5,0,1,0,0
14066,1,45,266,152.6,152.6,7,0,1,0,0
17650,1,150,21,166.1,166.1,8,0,1,0,0
15740,1,152,49,154.9,154.9,9,0,1,0,0
14537,1,120,57,355.6,355.6,10,0,1,0,0
15327,1,116,52,208.8,208.8,10,0,1,0,0
12837,1,24,173,134.1,134.1,12,0,1,0,0
15986,1,268,30,168.1,168.1,14,0,1,0,0
16451,1,120,87,267,267,14,0,1,0,0
18010,1,60,256,174.8,174.8,14,0,1,0,0
16281,1,934,72,2062.1,2062.1,17,0,1,0,0
18056,1,211,288,363.6,363.6,19,0,1,0,0
13801,1,168,66,324.8,324.8,23,0,1,0,0
15454,1,86,362,179.1,179.1,23,0,1,0,0
17486,1,191,261,396.9,396.9,24,0,1,0,0
17970,1,513,211,562.8,562.8,27,0,1,0,0
14439,1,526,319,2661.2,2661.2,32,0,1,0,0
16216,1,254,267,914.9,914.9,37,0,1,0,0
14598,1,189,44,222,222,49,0,1,0,0
13439,1,242,255,283.7,283.7,54,0,1,0,0
16056,1,345,45,650.8,650.8,66,0,1,0,0
15661,2,236,317,309.8,154.9,4,5.25,2,0,0
17430,2,190,32,265.8,132.9,14,25.62,2,0,0
15654,2,474,9,907.5,453.75,14,0.89,2,0,0
18261,2,146,43,324.2,162.1,19,2.6,2,0,0
15071,2,269,93,982.1,491.05,25,7.28,2,0,0
15163,2,186,18,304.5,152.25,29,6.21,2,0,0
13868,2,1964,7,3192.5,1596.25,32,0.97,2,0,0
13655,2,605,114,933,466.5,52,2.31,2,0,0
17221,2,287,7,334.5,167.25,59,0.48,2,0,0
16374,2,236,66,458.8,229.4,100,1.83,2,0,0
16692,2,151,256,1126,563,1,33,2,0,0
17029,2,400,110,716,358,1,126,2,0,0
13811,2,63,183,519.8,259.9,5,6.22,2,0,0
17854,2,84,185,311.3,155.65,15,3,2,0,0
17934,2,478,51,704.3,352.15,21,0.35,2,0,0
18071,2,260,257,453,226.5,23,4.5,2,0,0
14421,2,365,57,813.1,406.55,25,5.92,2,0,0
15258,2,142,168,623.2,311.6,32,1.48,2,0,0
13955,2,154,154,323,161.5,33,4.72,2,0,0
14020,2,441,16,642.8,321.4,37,1.89,2,0,0
14240,2,418,30,890.3,445.15,37,4.76,2,0,0
16354,2,150,63,395.8,197.9,38,0.26,2,0,0
13173,2,277,4,353.6,176.8,41,8.64,2,0,0
16411,2,131,19,211.7,105.85,41,8.14,2,0,0
15948,2,567,8,955.2,477.6,51,0.59,2,0,0
16320,2,732,172,1038.5,519.25,56,0.75,2,0,0
16629,2,489,73,408.6,204.3,58,0.39,2,0,0
15265,2,612,151,1506.1,753.05,76,1.04,2,0,0
17737,2,108,9,168.2,84.1,8,5.44,2,0,0
17339,2,152,94,243.4,121.7,9,33.88,2,0,0
12882,2,246,9,1463,731.5,12,2,2,0,0
16778,2,194,74,245.9,122.95,16,13.33,2,0,0
17852,2,53,11,114.3,57.15,21,0,2,0,0
16825,2,566,38,775.2,387.6,27,5.44,2,0,0
14023,2,345,7,584.1,292.05,30,8.1,2,0,0
17466,2,306,10,763.3,381.65,41,1.7,2,0,0
15883,2,223,2,396.5,198.25,42,0.65,2,0,0
15252,2,522,36,740.8,370.4,44,3.42,2,0,0
17771,2,283,56,245.3,122.65,50,5.13,2,0,0
16402,2,146,264,293.4,146.7,55,1.88,2,0,0
13030,2,348,11,752.4,376.2,76,3.92,2,0,0
17321,2,364,8,657.2,328.6,94,0.6,2,0,0
16852,2,56,10,144.9,72.45,9,20.75,2,0,0
14029,2,198,63,467.7,233.85,15,5.79,2,0,0
13917,2,228,49,272,136,16,8.35,2,0,0
17031,2,235,11,380.4,190.2,19,6.81,2,0,0
13248,2,305,124,465.7,232.85,25,2.6,2,0,0
12571,2,523,39,519.6,259.8,31,2.48,2,0,0
13799,2,402,116,688.9,344.45,32,4.68,2,0,0
17503,2,486,2,559,279.5,36,0.97,2,0,0
14128,2,564,60,637.5,318.75,40,4.33,2,0,0
15990,2,443,44,792.1,396.05,52,4.76,2,0,0
15184,2,199,29,402.2,201.1,59,2.64,2,0,0
14985,2,256,198,292,146,78,1.95,2,0,0
17186,2,200,46,144,72,1,14,2,0,0
13787,2,337,75,309,154.5,24,9.63,2,0,0
17374,2,85,218,495.8,247.9,24,2.33,2,0,0
15232,2,686,113,612.1,306.05,26,0.9,2,0,0
17898,2,190,85,152.1,76.05,27,4.52,2,0,0
15121,2,199,50,457.7,228.85,28,8.81,2,0,0
13040,2,355,8,677,338.5,38,0.6,2,0,0
15272,2,310,57,721.9,360.95,63,0.47,2,0,0
16383,2,467,74,643.8,321.9,80,2,2,0,0
17468,2,116,10,137,68.5,5,1,2,0,0
18048,2,127,203,172.3,86.15,6,0,2,0,0
13207,2,130,15,250.3,125.15,7,19.29,2,0,0
12962,2,129,7,266.4,133.2,15,7.07,2,0,0
15424,2,554,254,383.3,191.65,17,0,2,0,0
16808,2,196,99,288.4,144.2,21,7.95,2,0,0
16824,2,236,15,460.6,230.3,23,5.96,2,0,0
14481,2,489,164,636.5,318.25,25,4.24,2,0,0
17144,2,483,1,984.6,492.3,42,1.77,2,0,0
17397,2,250,22,681.4,340.7,88,0,2,0,0
13601,2,548,45,693.3,346.65,90,1.69,2,0,0
15531,2,1085,8,1972.4,986.2,196,0.1,2,0,0
13718,2,173,246,306.6,153.3,9,4.45,2,0,0
14491,2,139,175,340.9,170.45,17,12.31,2,0,0
12596,2,468,51,450.3,225.15,24,7.96,2,0,0
13904,2,332,37,332.6,166.3,24,10.28,2,0,0
15057,2,668,275,1489.5,744.75,25,1.67,2,0,0
12653,2,919,148,2209.8,1104.9,37,3.52,2,0,0
17507,2,359,261,605.6,302.8,79,0.55,2,0,0
16805,2,539,173,460.6,230.3,94,1.93,2,0,0
16916,2,431,23,562.4,281.2,129,2.59,2,0,0
14882,2,158,26,589.7,294.85,6,0.7,2,0,0
13930,2,274,57,337.3,168.65,15,4.94,2,0,0
16313,2,165,3,274.2,137.1,16,3.07,2,0,0
14427,2,228,50,363.3,181.65,16,0.81,2,0,0
13837,2,182,211,266.6,133.3,17,6.24,2,0,0
15734,2,346,114,1339.5,669.75,25,3.44,2,0,0
16185,2,260,16,529.4,264.7,31,7.2,2,0,0
12815,2,374,147,863.5,431.75,37,1.16,2,0,0
14918,2,675,115,1610.1,805.05,39,0.89,2,0,0
18265,2,309,72,771.5,385.75,43,2,2,0,0
14896,2,279,204,468.8,234.4,43,3.83,2,0,0
13673,2,114,18,387.4,193.7,47,0.24,2,0,0
14396,2,225,65,488,244,71,4.25,2,0,0
16674,2,181,54,304.2,152.1,89,0.48,2,0,0
17265,2,389,138,550,275,106,0.35,2,0,0
14987,2,128,15,326.4,163.2,2,116.67,2,0,0
17707,2,144,185,152.4,76.2,3,37.75,2,0,0
15393,2,150,16,231.9,115.95,10,24.09,2,0,0
13169,2,272,63,712.9,356.45,11,15.75,2,0,0
16792,2,44,282,110.4,55.2,11,0,2,0,0
13049,2,268,64,656.7,328.35,14,19.54,2,0,0
13529,2,74,78,307.8,153.9,15,9,2,0,0
17134,2,98,106,413.2,206.6,21,7.18,2,0,0
16441,2,173,67,381.2,190.6,22,9.74,2,0,0
12816,2,125,95,452.2,226.1,26,3.12,2,0,0
12589,2,302,28,574.7,287.35,28,3.63,2,0,0
17418,2,289,42,463.5,231.75,29,9.69,2,0,0
13046,2,264,30,629.3,314.65,33,6.94,2,0,0
16311,2,394,17,616.3,308.15,35,0.89,2,0,0
15762,2,251,65,583.8,291.9,37,0.33,2,0,0
14594,2,183,7,363.3,181.65,48,7.18,2,0,0
18143,2,570,116,1000.2,500.1,59,0.42,2,0,0
12762,2,1220,7,1702.5,851.25,61,0.27,2,0,0
14651,2,343,67,653.7,326.85,95,1.44,2,0,0
16405,2,187,302,167.3,83.65,3,2,2,0,0
17330,2,120,22,363.9,181.95,5,9,2,0,0
16427,2,156,263,241.1,120.55,8,2.63,2,0,0
16634,2,82,222,217.9,108.95,9,18.75,2,0,0
13960,2,142,21,230.2,115.1,11,4.55,2,0,0
16596,2,97,15,250.1,125.05,12,31.91,2,0,0
13899,2,156,16,388.5,194.25,19,14.33,2,0,0
16616,2,370,15,500.4,250.2,31,4.44,2,0,0
16384,2,260,89,584.5,292.25,33,5.44,2,0,0
12849,2,579,31,992.7,496.35,46,5.27,2,0,0
17081,2,77,25,288.9,144.45,55,0.34,2,0,0
15889,2,200,156,400.8,200.4,78,2.6,2,0,0
15422,2,38,323,97.7,48.85,6,0,2,0,0
17946,2,75,233,149.6,74.8,18,1.37,2,0,0
18121,2,438,149,653.3,326.65,28,0.17,2,0,0
13885,2,182,189,506.8,253.4,28,0.41,2,0,0
17679,2,729,52,1992.1,996.05,29,1.14,2,0,0
15205,2,378,85,653.2,326.6,37,1.17,2,0,0
13823,2,439,18,957.7,478.85,39,1.87,2,0,0
12630,2,542,9,1030.9,515.45,59,0.56,2,0,0
17100,2,800,18,971.7,485.85,65,0,2,0,0
14998,2,258,170,414.9,207.45,70,0.97,2,0,0
17764,2,351,50,772.6,386.3,71,2.3,2,0,0
17537,2,699,29,887.7,443.85,74,3.75,2,0,0
17254,2,251,4,271.2,135.6,100,0.1,2,0,0
16986,2,1040,29,1873.2,936.6,3,0.5,2,0,0
16698,2,840,226,1998,999,4,6.75,2,0,0
15565,2,60,50,173.2,86.6,8,2.86,2,0,0
13434,2,300,74,534.2,267.1,9,2.44,2,0,0
15636,2,284,89,724.8,362.4,20,8.04,2,0,0
15182,2,253,154,622.9,311.45,24,4.07,2,0,0
17489,2,428,58,376.6,188.3,28,5.5,2,0,0
16083,2,908,100,1317.6,658.8,31,8.67,2,0,0
15244,2,405,65,631.6,315.8,31,5.55,2,0,0
15246,2,247,238,514.2,257.1,32,3.75,2,0,0
13402,2,479,127,621.2,310.6,32,6.45,2,0,0
13165,2,1376,46,1021.5,510.75,40,7.44,2,0,0
14470,2,193,11,461.2,230.6,43,6.57,2,0,0
13780,2,318,7,360,180,56,2.91,2,0,0
17255,2,227,40,291.5,145.75,69,3.55,2,0,0
13133,2,32,273,109.8,54.9,7,5.17,2,0,0
13261,2,210,268,944.1,472.05,8,2.13,2,0,0
16835,2,61,128,180.9,90.45,10,27.22,2,0,0
16109,2,612,218,611.9,305.95,18,5.29,2,0,0
13817,2,208,29,329,164.5,19,15.33,2,0,0
12991,2,405,23,503.8,251.9,31,2.97,2,0,0
13431,2,672,67,1269.1,634.55,44,0.47,2,0,0
13821,2,153,144,385.6,192.8,51,2.02,2,0,0
16368,2,251,2,479.9,239.95,58,0.38,2,0,0
15967,2,205,23,397.7,198.85,73,3.73,2,0,0
15012,2,225,53,405,202.5,110,2.64,2,0,0
13493,2,377,275,498.6,249.3,5,2.4,2,0,0
15689,2,84,119,254.1,127.05,8,30.25,2,0,0
14624,2,162,57,225.8,112.9,13,0.17,2,0,0
16552,2,219,242,379.7,189.85,17,8.19,2,0,0
15852,2,48,186,160.7,80.35,22,0.52,2,0,0
13759,2,287,33,659.4,329.7,24,1.58,2,0,0
17595,2,228,12,386.7,193.35,68,0.31,2,0,0
16386,2,205,28,302.6,151.3,76,2.81,2,0,0
15612,2,51,36,180.2,90.1,3,6.25,2,0,0
13754,2,214,151,282.6,141.3,11,15.09,2,0,0
16647,2,146,169,214.1,107.05,12,2.69,2,0,0
14024,2,150,121,327.7,163.85,16,0.2,2,0,0
12793,2,292,334,461.5,230.75,20,1.76,2,0,0
15714,2,186,11,330,165,34,2,2,0,0
17604,2,169,217,309.4,154.7,57,1.53,2,0,0
12872,2,319,326,600,300,58,0.6,2,0,0
12904,2,294,18,496.1,248.05,59,2.2,2,0,0
17459,2,537,43,657.3,328.65,88,0.15,2,0,0
13669,2,237,50,218.6,109.3,9,12.38,2,0,0
13416,2,142,43,712.5,356.25,11,2.11,2,0,0
14761,2,118,58,255.9,127.95,11,27.6,2,0,0
13711,2,140,218,252.1,126.05,11,0,2,0,0
17668,2,93,1,347.8,173.9,14,2.64,2,0,0
13657,2,208,10,367.1,183.55,15,13.64,2,0,0
13453,2,134,165,357,178.5,16,7.75,2,0,0
17237,2,105,11,314.7,157.35,18,0.61,2,0,0
14104,2,72,154,216.2,108.1,21,0.55,2,0,0
14788,2,421,7,679.4,339.7,26,0.66,2,0,0
14272,2,599,73,438,219,33,5.66,2,0,0
13253,2,1572,156,1030.4,515.2,35,5.23,2,0,0
13888,2,254,119,595.7,297.85,38,2.61,2,0,0
17795,2,305,179,342.8,171.4,43,1.93,2,0,0
15579,2,117,68,327.6,163.8,45,5.21,2,0,0
12844,2,125,29,326,163,47,1.98,2,0,0
16036,2,716,87,758.9,379.45,55,3.26,2,0,0
14452,2,116,10,259.1,129.55,55,1.41,2,0,0
13221,2,243,240,844.9,422.45,61,1.86,2,0,0
12758,2,2135,116,2791.6,1395.8,84,1.67,2,0,0
14451,2,378,60,643.9,321.95,86,1.29,2,0,0
17555,2,348,19,480.3,240.15,101,3.03,2,0,0
18080,2,642,18,1231.5,615.75,2,224,2,0,0
15912,2,185,178,264.6,132.3,19,3.06,2,0,0
18085,2,265,330,689.9,344.95,25,1.54,2,0,0
17695,2,779,131,765.3,382.65,30,1.18,2,0,0
16968,2,326,4,439.4,219.7,31,3.43,2,0,0
15919,2,385,19,525.7,262.85,103,2.88,2,0,0
17566,2,497,8,869.8,434.9,113,0.12,2,0,0
14179,2,319,40,701.6,350.8,135,0.08,2,0,0
12915,2,93,148,363.6,181.8,19,10.67,2,0,0
13731,2,278,219,610.6,305.3,36,0.73,2,0,0
17432,2,207,18,365.8,182.9,44,0.4,2,0,0
14716,2,495,43,307.5,153.75,46,2.1,2,0,0
17783,2,354,72,283.5,141.75,67,2.65,2,0,0
14682,2,80,187,52,26,1,14,2,0,0
14354,2,210,5,163.6,81.8,9,3.13,2,0,0
18146,2,153,140,160.4,80.2,10,8.89,2,0,0
13531,2,174,205,483.8,241.9,17,7.67,2,0,0
17711,2,246,10,385.1,192.55,22,12.68,2,0,0
14193,2,445,67,853.4,426.7,35,4.93,2,0,0
14550,2,389,10,757.4,378.7,38,0.74,2,0,0
17772,2,55,10,173.4,86.7,50,0,2,0,0
16780,2,270,100,422.2,211.1,51,2.74,2,0,0
14817,2,653,200,1010.3,505.15,51,1.28,2,0,0
14664,2,465,19,636.2,318.1,78,0.14,2,0,0
17444,2,2118,151,2389.1,1194.55,131,0.16,2,0,0
14555,2,122,57,312.5,156.25,18,13.61,2,0,0
13579,2,176,14,467,233.5,19,16.14,2,0,0
15690,2,408,4,239.8,119.9,19,5.33,2,0,0
15626,2,766,74,675.8,337.9,49,5.31,2,0,0
16243,2,110,33,409.1,204.55,49,0.42,2,0,0
17624,2,554,14,843.5,421.75,49,4.16,2,0,0
15353,2,341,254,770.1,385.05,59,1.88,2,0,0
12716,2,703,3,963.5,481.75,59,1.97,2,0,0
14965,2,363,96,596.1,298.05,80,0,2,0,0
14544,2,1536,24,2004.3,1002.15,97,3.06,2,0,0
12556,2,355,50,599.6,299.8,100,0.86,2,0,0
14548,2,256,150,652.8,326.4,2,55.67,2,0,0
17549,2,210,23,148.9,74.45,5,5.6,2,0,0
12871,2,200,84,380.6,190.3,8,12.3,2,0,0
13792,2,92,66,195.5,97.75,13,18.42,2,0,0
15124,2,233,22,184.2,92.1,14,12.07,2,0,0
12763,2,316,138,494.1,247.05,16,13.59,2,0,0
12394,2,808,63,1080.5,540.25,25,6.42,2,0,0
12811,2,227,261,458.8,229.4,26,0.85,2,0,0
14891,2,505,148,554.4,277.2,30,1.22,2,0,0
15918,2,153,190,334.2,167.1,33,2.08,2,0,0
12857,2,343,210,1106.4,553.2,37,2.04,2,0,0
14770,2,490,232,876.4,438.2,49,1.78,2,0,0
17608,2,229,33,192,96,54,0,2,0,0
13122,2,585,94,922.4,461.2,54,2.7,2,0,0
12635,2,1162,89,1509.2,754.6,95,0.66,2,0,0
12669,2,1104,150,1427.7,713.85,96,1.09,2,0,0
17353,2,1200,129,1740,870,5,3.57,2,0,0
18064,2,384,133,814,407,7,17,2,0,0
12592,2,288,92,401.6,200.8,10,8.07,2,0,0
14377,2,219,191,617.1,308.55,11,7.1,2,0,0
14947,2,178,72,275.8,137.9,13,4.83,2,0,0
12492,2,190,63,227.2,113.6,18,2.47,2,0,0
14265,2,330,109,530.2,265.1,31,1.3,2,0,0
13565,2,172,19,240.2,120.1,35,8.51,2,0,0
16723,2,398,91,576.4,288.2,37,0.39,2,0,0
18101,2,87,11,222.4,111.2,37,3.38,2,0,0
15813,2,603,207,1303.9,651.95,40,0.82,2,0,0
13233,2,1004,74,605.1,302.55,43,6.24,2,0,0
14995,2,102,38,232,116,53,4.1,2,0,0
14335,2,375,16,454.9,227.45,55,1.36,2,0,0
15349,2,321,158,463.9,231.95,65,0.41,2,0,0
13564,2,635,354,1174,587,67,0.18,2,0,0
17890,2,402,322,586.9,293.45,88,0.43,2,0,0
15872,2,187,14,316.2,158.1,101,0,2,0,0
16557,2,111,24,281.9,140.95,11,11.3,2,0,0
17409,2,105,184,771.8,385.9,13,5.33,2,0,0
18040,2,148,19,357.2,178.6,18,12.56,2,0,0
12363,2,408,109,552,276,23,6.05,2,0,0
16070,2,457,22,852.2,426.1,32,0.31,2,0,0
15757,2,491,65,714.4,357.2,43,3.45,2,0,0
17189,2,226,106,383.8,191.9,52,4.29,2,0,0
13272,2,96,31,276.6,138.3,15,4.14,2,0,0
14331,2,252,124,462.7,231.35,27,0.41,2,0,0
13557,2,546,28,584.1,292.05,31,7.64,2,0,0
14778,2,306,127,730.9,365.45,34,5.32,2,0,0
15274,2,619,4,716.6,358.3,44,0.3,2,0,0
13363,2,708,17,892.5,446.25,46,0.46,2,0,0
14067,2,361,63,374.7,187.35,51,0.65,2,0,0
14672,2,454,234,765.5,382.75,58,1.7,2,0,0
12876,2,1930,57,2053,1026.5,66,1.7,2,0,0
14921,2,953,30,1316.1,658.05,78,2.22,2,0,0
17259,2,388,148,581.2,290.6,104,1.91,2,0,0
16367,2,643,37,800.7,400.35,123,2.58,2,0,0
13566,2,567,40,856.8,428.4,134,0.25,2,0,0
17446,2,198,176,120.9,60.45,6,16.75,2,0,0
14473,2,88,74,234.3,117.15,7,34.67,2,0,0
17436,2,90,1,216.3,108.15,7,28.13,2,0,0
17691,2,134,358,290.4,145.2,18,0.56,2,0,0
15230,2,351,239,429.6,214.8,23,0.05,2,0,0
14539,2,428,15,537.5,268.75,31,0.94,2,0,0
15030,2,372,71,518.3,259.15,7,32.83,2,0,0
17781,2,34,159,188,94,12,8.55,2,0,0
16555,2,175,35,285.9,142.95,15,4.62,2,0,0
13727,2,162,28,333.5,166.75,19,0.26,2,0,0
12516,2,868,77,1186.1,593.05,19,4.48,2,0,0
15092,2,135,215,457.8,228.9,23,2.72,2,0,0
12424,2,740,162,1761,880.5,30,0,2,0,0
18151,2,355,134,653.4,326.7,38,4.19,2,0,0
14379,2,292,44,348.1,174.05,39,5.58,2,0,0
17229,2,185,96,318.8,159.4,39,1,2,0,0
17223,2,109,310,381.9,190.95,42,1.26,2,0,0
16777,2,62,80,222.6,111.3,45,3.77,2,0,0
16685,2,396,61,324.2,162.1,60,0,2,0,0
16644,2,826,177,833.8,416.9,62,0.57,2,0,0
14904,2,1985,2,1025.4,512.7,66,0.34,2,0,0
16980,2,739,255,1028.5,514.25,71,0.45,2,0,0
16372,2,158,33,355.7,177.85,86,0,2,0,0
18252,2,234,50,518.3,259.15,90,1.3,2,0,0
12897,2,110,204,216.5,108.25,3,32.33,2,0,0
15512,2,68,155,121,60.5,7,34,2,0,0
15478,2,575,40,1399.9,699.95,34,0.37,2,0,0
14597,2,566,11,866.2,433.1,45,3.91,2,0,0
17392,2,275,306,411.3,205.65,52,0.96,2,0,0
14508,2,129,22,268,134,52,1.24,2,0,0
12438,2,1169,14,2466.8,1233.4,83,1.33,2,0,0
17964,2,294,31,463.2,231.6,84,3.52,2,0,0
18196,2,431,95,686.6,343.3,131,1.41,2,0,0
17991,2,25,225,93.3,46.65,4,0.25,2,0,0
12358,2,242,1,928.1,464.05,12,9.31,2,0,0
17889,2,77,212,201.4,100.7,20,5.79,2,0,0
14960,2,221,8,221.3,110.65,23,6.27,2,0,0
17760,2,239,21,287.6,143.8,25,14.67,2,0,0
16884,2,320,37,429.8,214.9,26,0,2,0,0
13730,2,488,135,752.6,376.3,38,0.62,2,0,0
14261,2,406,50,1163.4,581.7,52,0.55,2,0,0
14815,2,744,36,778.5,389.25,53,0.6,2,0,0
13467,2,580,10,1071.9,535.95,89,0.27,2,0,0
12450,2,128,156,197.9,98.95,7,2.43,2,0,0
14551,2,106,18,186.2,93.1,9,20.67,2,0,0
16519,2,53,25,213,106.5,12,30.91,2,0,0
17376,2,86,70,203.2,101.6,23,10.48,2,0,0
13417,2,162,4,640.8,320.4,26,7.44,2,0,0
12794,2,592,53,860.4,430.2,43,1.02,2,0,0
13760,2,197,54,286.8,143.4,50,3.61,2,0,0
16053,2,1793,32,1511.9,755.95,81,1.08,2,0,0
13822,2,611,5,632,316,90,0.37,2,0,0
14670,2,326,280,392.9,196.45,107,0,2,0,0
15526,2,24,33,148.4,74.2,4,0,2,0,0
14836,2,43,10,99.4,49.7,4,5,2,0,0
13223,2,88,200,163.2,81.6,5,8,2,0,0
18154,2,255,3,399.2,199.6,15,2,2,0,0
17018,2,176,40,920.1,460.05,15,19,2,0,0
14220,2,272,247,632.4,316.2,21,5.55,2,0,0
14851,2,325,23,511.3,255.65,28,8.63,2,0,0
13189,2,842,18,260.7,130.35,29,3.46,2,0,0
18160,2,294,57,638.1,319.05,37,3.76,2,0,0
13656,2,490,164,379.6,189.8,49,3.6,2,0,0
14154,2,465,239,1345.6,672.8,52,0,2,0,0
16934,2,397,54,931,465.5,59,0,2,0,0
16208,2,333,44,664.3,332.15,61,3.77,2,0,0
17084,2,1702,35,2748,1374,146,0,2,0,0
12547,2,132,197,151.8,75.9,6,16.6,2,0,0
15863,2,19,25,68.8,34.4,18,9.82,2,0,0
15695,2,212,266,410,205,22,0,2,0,0
14697,2,181,218,188.6,94.3,22,0,2,0,0
15822,2,375,3,885.5,442.75,28,11.13,2,0,0
12735,2,363,315,689.6,344.8,37,0.55,2,0,0
15211,2,240,60,894.4,447.2,52,5.98,2,0,0
17931,2,249,134,408.4,204.2,63,1.89,2,0,0
13569,2,155,17,337.1,168.55,72,4.55,2,0,0
13544,2,112,39,276.1,138.05,76,2.61,2,0,0
16284,2,535,31,812.7,406.35,87,0.19,2,0,0
12397,2,1250,35,2214.9,1107.45,109,0.81,2,0,0
13596,2,384,5,664.1,332.05,133,0.05,2,0,0
18246,2,166,23,596.1,298.05,3,70,2,0,0
15355,2,45,29,277.1,138.55,9,1.85,2,0,0
14855,2,267,119,645.7,322.85,13,0.79,2,0,0
16119,2,240,8,423.4,211.7,14,4.27,2,0,0
16091,2,154,154,315.1,157.55,16,2.59,2,0,0
14912,2,971,16,867.8,433.9,21,8.85,2,0,0
14645,2,381,156,597.1,298.55,28,4.1,2,0,0
16343,2,175,16,328.6,164.3,29,0,2,0,0
17298,2,387,101,498.4,249.2,30,0.79,2,0,0
15103,2,329,31,703.4,351.7,35,1.62,2,0,0
13023,2,280,64,599.9,299.95,35,1.76,2,0,0
15366,2,621,75,602.5,301.25,37,6.58,2,0,0
15829,2,996,99,636.1,318.05,44,0.82,2,0,0
13707,2,351,267,806.4,403.2,48,1.02,2,0,0
17105,2,693,159,665.8,332.9,80,1.65,2,0,0
15850,2,298,19,234.9,117.45,87,1.62,2,0,0
15068,2,364,46,553.4,276.7,96,2.04,2,0,0
12743,2,315,134,540.1,270.05,114,0,2,0,0
13404,2,111,1,252.5,126.25,11,21.1,2,0,0
15139,2,208,239,179,89.5,13,8.08,2,0,0
17181,2,241,57,239.9,119.95,23,14.36,2,0,0
13933,2,205,109,608.8,304.4,23,1.77,2,0,0
12535,2,219,91,716.4,358.2,28,2.88,2,0,0
15014,2,149,43,257.7,128.85,29,4.16,2,0,0
17733,2,463,38,692.2,346.1,33,6.56,2,0,0
13989,2,1313,65,1266.1,633.05,33,4.35,2,0,0
16567,2,996,194,865.6,432.8,34,4.18,2,0,0
12545,2,517,75,832.4,416.2,41,3.91,2,0,0
16624,2,488,80,810.6,405.3,44,2.49,2,0,0
14002,2,877,134,529.7,264.85,47,0.48,2,0,0
14050,2,689,31,746.4,373.2,49,1.42,2,0,0
17358,2,190,303,360.8,180.4,55,0.91,2,0,0
13849,2,1016,51,1537.9,768.95,97,1.19,2,0,0
15494,2,1139,21,1280.6,640.3,120,0.83,2,0,0
14495,2,62,50,123.8,61.9,6,14.2,2,0,0
15381,2,171,213,596.9,298.45,8,7.86,2,0,0
15732,2,215,212,294.1,147.05,13,12.31,2,0,0
12604,2,200,79,236.2,118.1,14,13,2,0,0
13978,2,315,14,196.8,98.4,14,2.21,2,0,0
14784,2,237,26,290,145,15,21.21,2,0,0
16952,2,92,109,167.6,83.8,16,0,2,0,0
14448,2,104,9,375.4,187.7,20,18.68,2,0,0
17630,2,158,169,503.6,251.8,24,2.52,2,0,0
18123,2,582,24,574.4,287.2,31,0.21,2,0,0
18013,2,285,155,187.3,93.65,31,0,2,0,0
15402,2,693,148,626.3,313.15,34,1.2,2,0,0
17267,2,158,127,317.2,158.6,37,0,2,0,0
14862,2,772,25,841.2,420.6,47,2.62,2,0,0
12508,2,271,26,397.9,198.95,57,0.04,2,0,0
13761,2,642,50,1070.6,535.3,68,1.87,2,0,0
13525,2,394,14,628.8,314.4,5,46.8,2,0,0
16999,2,294,23,484.8,242.4,21,2.32,2,0,0
14162,2,142,173,289.4,144.7,25,4.96,2,0,0
16603,2,480,74,482.5,241.25,34,0.52,2,0,0
16229,2,318,87,1010.6,505.3,46,2.72,2,0,0
15599,2,718,26,761.7,380.85,50,3.49,2,0,0
13744,2,1153,95,1080.5,540.25,54,3.18,2,0,0
17387,2,522,19,746.8,373.4,71,0.19,2,0,0
16031,2,421,92,547.9,273.95,91,1.6,2,0,0
17926,2,306,133,397.3,198.65,17,3.5,2,0,0
12582,2,296,238,351.4,175.7,20,2.63,2,0,0
14628,2,272,91,672,336,22,6.57,2,0,0
17708,2,90,187,263.3,131.65,28,4.15,2,0,0
17749,2,320,178,674.5,337.25,33,2.29,2,0,0
12842,2,547,70,1119,559.5,34,7.21,2,0,0
17637,2,280,31,547.1,273.55,35,2.47,2,0,0
13294,2,453,189,873.7,436.85,48,1.13,2,0,0
17311,2,1005,78,1384.8,692.4,55,4.41,2,0,0
17786,2,195,85,266.9,133.45,57,3.46,2,0,0
16693,2,203,68,477.9,238.95,58,3.5,2,0,0
18156,2,283,12,675.6,337.8,100,2.95,2,0,0
17788,2,210,73,1113,556.5,2,18.67,2,0,0
14785,2,84,10,77.4,38.7,2,2.5,2,0,0
14865,2,108,7,52.2,26.1,4,121.67,2,0,0
17026,2,97,185,154.8,77.4,4,61.33,2,0,0
12522,2,192,39,156.7,78.35,10,1.33,2,0,0
14538,2,155,64,388.3,194.15,19,10.67,2,0,0
14813,2,66,369,152.9,76.45,25,0,2,0,0
13810,2,307,28,827.5,413.75,30,0.9,2,0,0
13034,2,369,54,642.8,321.4,37,8.75,2,0,0
15977,2,1016,17,1054.7,527.35,48,0.34,2,0,0
16667,2,236,68,567.2,283.6,52,4.24,2,0,0
17250,2,167,3,382,191,55,4.69,2,0,0
17252,2,192,116,348.9,174.45,86,0.82,2,0,0
13068,2,200,10,344,172,1,309,2,0,0
13589,2,114,14,379.7,189.85,21,8.25,2,0,0
17235,2,224,25,550.1,275.05,24,12.39,2,0,0
18078,2,145,217,336.1,168.05,27,1.5,2,0,0
17935,2,81,138,142.9,71.45,27,0.11,2,0,0
14037,2,46,176,147.2,73.6,27,6.96,2,0,0
13292,2,347,38,578.9,289.45,29,8.2,2,0,0
12435,2,2055,79,7829.9,3914.95,31,5.37,2,0,0
16268,2,532,71,617.6,308.8,44,0,2,0,0
16399,2,245,19,406.2,203.1,67,3.09,2,0,0
16620,2,88,3,179,89.5,9,32.13,2,0,0
16189,2,134,15,215.5,107.75,9,7,2,0,0
15949,2,284,16,364.7,182.35,12,3.06,2,0,0
14164,2,1033,70,1631.8,815.9,28,0.36,2,0,0
14570,2,94,280,217.2,108.6,28,0,2,0,0
17329,2,142,14,523.1,261.55,29,9.41,2,0,0
16561,2,244,5,511.1,255.55,29,1.8,2,0,0
12694,2,503,70,761.7,380.85,31,3.32,2,0,0
13726,2,1054,38,1079.7,539.85,39,1.51,2,0,0
17664,2,604,18,604.6,302.3,41,4.62,2,0,0
12717,2,502,151,831,415.5,48,1.81,2,0,0
15573,2,354,31,583.2,291.6,87,0.57,2,0,0
13548,2,436,96,678.2,339.1,114,1.2,2,0,0
12838,2,355,33,671.9,335.95,115,2.86,2,0,0
16669,2,871,23,1344.5,672.25,140,0.36,2,0,0
13452,2,2,259,590,295,1,11,2,0,0
14520,2,146,1,270.6,135.3,3,96.33,2,0,0
15869,2,175,277,149.6,74.8,13,0,2,0,0
16149,2,308,4,280.5,140.25,18,8.12,2,0,0
13675,2,330,151,486.8,243.4,25,5.54,2,0,0
17704,2,343,168,885.2,442.6,27,2.37,2,0,0
13276,2,161,63,590.9,295.45,30,1.24,2,0,0
12512,2,96,66,132.2,66.1,31,0,2,0,0
14754,2,486,44,638,319,38,6.28,2,0,0
15522,2,572,32,398,199,47,1,2,0,0
17505,2,556,161,1145.8,572.9,48,0.86,2,0,0
17913,2,288,58,408.6,204.3,55,5.21,2,0,0
12377,2,942,315,1548.1,774.05,71,0.52,2,0,0
14893,2,799,9,1237.8,618.9,72,0.03,2,0,0
16244,2,855,211,1522.8,761.4,88,1.79,2,0,0
16121,2,576,57,854.7,427.35,170,0.78,2,0,0
17163,2,66,21,293.1,146.55,3,14.25,2,0,0
18147,2,203,45,179.3,89.65,7,10.5,2,0,0
12386,2,354,337,401.9,200.95,10,3.22,2,0,0
15198,2,120,92,193.6,96.8,10,3.56,2,0,0
14114,2,101,273,386.5,193.25,15,4.07,2,0,0
13460,2,286,29,183.4,91.7,16,1.25,2,0,0
14479,2,117,253,316.2,158.1,18,6.59,2,0,0
15847,2,449,38,389.3,194.65,22,11.9,2,0,0
13311,2,305,4,598.6,299.3,25,5.84,2,0,0
18112,2,255,12,352.7,176.35,26,6.16,2,0,0
12832,2,195,32,383,191.5,27,2.54,2,0,0
18217,2,491,29,621.8,310.9,27,1.37,2,0,0
15364,2,493,95,913.2,456.6,29,5.68,2,0,0
12646,2,897,4,1347,673.5,43,1.02,2,0,0
15821,2,202,44,571,285.5,57,0.28,2,0,0
15976,2,275,165,427.6,213.8,83,0.58,2,0,0
13805,2,1900,52,924.6,462.3,10,6.42,2,0,0
16836,2,165,39,251.9,125.95,11,7.7,2,0,0
14416,2,326,22,490.2,245.1,13,1.54,2,0,0
17666,2,596,3,728.2,364.1,14,3.65,2,0,0
15897,2,223,194,208.6,104.3,17,0,2,0,0
17501,2,160,220,288.6,144.3,18,0,2,0,0
17674,2,672,74,551,275.5,19,11.31,2,0,0
17928,2,68,45,184.5,92.25,22,9.57,2,0,0
13368,2,326,256,573.4,286.7,28,3,2,0,0
17357,2,152,24,384.4,192.2,41,0,2,0,0
17594,2,550,85,993.2,496.6,42,3.45,2,0,0
14920,2,509,212,977.8,488.9,57,0,2,0,0
15653,2,1200,92,877.4,438.7,4,4.6,2,0,0
13321,2,372,72,567.4,283.7,10,1.4,2,0,0
14236,2,310,80,490.9,245.45,15,20.86,2,0,0
14512,2,122,187,275.3,137.65,19,2.05,2,0,0
17453,2,219,17,486.7,243.35,19,2.61,2,0,0
14150,2,496,35,658.6,329.3,23,12.96,2,0,0
13405,2,163,204,557.4,278.7,24,4.71,2,0,0
16018,2,190,39,408.9,204.45,26,5.22,2,0,0
15963,2,298,19,470.8,235.4,26,0.96,2,0,0
12944,2,289,35,604.5,302.25,29,11,2,0,0
17362,2,191,239,312.2,156.1,30,2.06,2,0,0
17447,2,443,40,541.5,270.75,33,0.89,2,0,0
12458,2,502,71,787.4,393.7,34,6.09,2,0,0
16347,2,341,11,847.4,423.7,61,0.3,2,0,0
16788,2,303,123,592.7,296.35,137,0.9,2,0,0
16200,2,516,4,1068.9,534.45,149,0.94,2,0,0
17391,2,480,163,508.8,254.4,2,0.5,2,0,0
14053,2,215,124,260.3,130.15,2,11.67,2,0,0
17414,2,2100,43,778,389,5,28.2,2,0,0
17256,2,141,107,240,120,12,13.67,2,0,0
17742,2,89,113,355.1,177.55,13,15.64,2,0,0
17969,2,152,166,228.2,114.1,14,15,2,0,0
14517,2,91,33,330.5,165.25,17,6.35,2,0,0
17495,2,229,7,497.6,248.8,21,1.19,2,0,0
17078,2,782,36,375.9,187.95,27,0,2,0,0
16883,2,103,187,272.5,136.25,33,5.11,2,0,0
16364,2,279,11,705.8,352.9,48,2.47,2,0,0
12701,2,674,79,725.7,362.85,49,3.26,2,0,0
13563,2,209,84,777.5,388.75,49,1.17,2,0,0
14346,2,605,120,1021.6,510.8,55,3,2,0,0
12689,2,622,25,1139.6,569.8,56,1.48,2,0,0
13192,2,595,95,911.9,455.95,57,1.77,2,0,0
17277,2,430,227,1065.3,532.65,67,1.4,2,0,0
14656,2,120,169,291,145.5,73,1.44,2,0,0
13283,2,90,59,93.7,46.85,7,21,2,0,0
17384,2,88,19,336.4,168.2,12,14.29,2,0,0
12981,2,242,29,372.2,186.1,12,5.47,2,0,0
14819,2,109,64,272.1,136.05,13,10.67,2,0,0
13573,2,302,50,290.3,145.15,24,8.46,2,0,0
16322,2,231,1,326.7,163.35,28,0.97,2,0,0
14984,2,58,19,202.4,101.2,37,4.24,2,0,0
14138,2,600,1,965.9,482.95,40,1.38,2,0,0
13962,2,87,21,169.6,84.8,11,22.4,2,0,0
13972,2,187,70,190.3,95.15,15,9.36,2,0,0
13083,2,187,4,303.8,151.9,15,4.18,2,0,0
14496,2,159,311,538.8,269.4,16,3.44,2,0,0
18095,2,419,312,580.1,290.05,20,1,2,0,0
13649,2,139,256,346.6,173.3,23,5,2,0,0
14660,2,228,86,285.7,142.85,24,0.48,2,0,0
16811,2,477,4,547.1,273.55,26,0.48,2,0,0
12510,2,347,142,814.6,407.3,28,6.1,2,0,0
13918,2,1140,49,1212.8,606.4,30,7.03,2,0,0
15492,2,483,28,659.5,329.75,32,1.35,2,0,0
15894,2,163,253,257.6,128.8,34,3.31,2,0,0
17290,2,397,3,513,256.5,92,0.14,2,0,0
15665,2,1654,168,2222.2,1111.1,92,0.66,2,0,0
15054,2,198,12,302.1,151.05,105,0.25,2,0,0
15800,2,332,107,696.9,348.45,116,1.2,2,0,0
15444,2,759,9,1411.2,705.6,191,0.15,2,0,0
16957,2,172,239,416.6,208.3,15,2.8,2,0,0
16855,2,164,23,328.4,164.2,19,1.11,2,0,0
14780,2,310,54,447.7,223.85,26,0.96,2,0,0
14658,2,47,5,247.1,123.55,27,4,2,0,0
16352,2,300,17,494.4,247.2,28,0.74,2,0,0
18205,2,192,36,517.4,258.7,30,1.23,2,0,0
17242,2,611,108,1135,567.5,30,1.85,2,0,0
16479,2,102,10,300.8,150.4,35,0,2,0,0
15545,2,162,54,289,144.5,78,4.01,2,0,0
16506,2,42,19,90.3,45.15,3,10.5,2,0,0
16414,2,27,21,126.3,63.15,5,43.17,2,0,0
13470,2,100,99,165,82.5,7,1.78,2,0,0
16766,2,536,273,1145.6,572.8,17,0,2,0,0
16250,2,208,261,389.4,194.7,22,4.87,2,0,0
17642,2,474,119,712.3,356.15,34,1.46,2,0,0
17004,2,771,46,1312.1,656.05,38,1.1,2,0,0
17425,2,407,19,759.2,379.6,42,0.98,2,0,0
18001,2,362,12,415.1,207.55,56,1.32,2,0,0
15649,2,192,336,816,408,1,31,2,0,0
17155,2,242,17,251.7,125.85,19,8.42,2,0,0
14636,2,241,36,609.9,304.95,27,8.59,2,0,0
17232,2,202,2,417.8,208.9,30,0.35,2,0,0
12624,2,351,106,569.1,284.55,35,2.03,2,0,0
12925,2,540,4,679,339.5,41,1.63,2,0,0
15123,2,1195,7,2199.3,1099.65,93,1.9,2,0,0
18034,2,559,21,418.7,209.35,99,0,2,0,0
16253,2,3233,66,3683.9,1841.95,114,1.55,2,0,0
12875,2,2019,143,343.2,171.6,1,219,2,0,0
15330,2,1312,32,715,357.5,10,2.33,2,0,0
14242,2,123,234,280.6,140.3,13,6.07,2,0,0
15186,2,215,14,411.4,205.7,17,8.56,2,0,0
18018,2,55,108,122.1,61.05,29,3.25,2,0,0
16230,2,365,189,542,271,32,0.91,2,0,0
12673,2,349,5,574.5,287.25,41,8.03,2,0,0
18005,2,86,3,226.5,113.25,52,0.85,2,0,0
17082,2,1049,33,2003.8,1001.9,75,3.56,2,0,0
17999,2,219,37,380.4,190.2,87,3.66,2,0,0
17025,3,235,60,357.8,119.26666666666667,8,39.13,3,0,0
17615,3,140,130,329.6,109.86666666666667,13,7.08,3,0,0
17179,3,290,178,711.8,237.26666666666665,56,2.32,3,0,0
16110,3,720,45,1320.9,440.3,283,0.78,3,0,0
16034,3,242,196,437.7,145.9,18,6.48,3,0,0
14332,3,463,22,840.2,280.06666666666666,22,5.21,3,0,0
13705,3,363,7,711.9,237.29999999999998,25,13.56,3,0,0
16551,3,970,95,922.1,307.36666666666667,26,7.77,3,0,0
14450,3,241,180,483.3,161.1,32,3.59,3,0,0
17797,3,498,22,780.4,260.13333333333333,102,1.45,3,0,0
13502,3,264,16,292,97.333333333333329,17,18.06,3,0,0
12827,3,197,5,430.1,143.36666666666667,19,1.63,3,0,0
14021,3,192,155,631.9,210.63333333333333,22,4.81,3,0,0
18259,3,714,24,2338.6,779.5333333333333,27,8.34,3,0,0
15568,3,461,2,758.3,252.76666666666665,27,1.37,3,0,0
13617,3,300,40,544.2,181.4,31,3.26,3,0,0
16041,3,1584,30,3166.4,1055.4666666666667,6,22.2,3,0,0
12808,3,187,36,455.7,151.9,26,12.77,3,0,0
14803,3,370,162,845.6,281.86666666666667,35,3.02,3,0,0
12422,3,367,95,683.6,227.86666666666667,38,6.19,3,0,0
12488,3,526,9,1244.7,414.90000000000003,45,1.25,3,0,0
17980,3,682,165,811.5,270.5,23,6.69,3,0,0
14958,3,128,147,483.7,161.23333333333332,33,2.45,3,0,0
16136,3,440,59,709.4,236.46666666666667,35,6.06,3,0,0
17564,3,146,24,454,151.33333333333334,38,1.17,3,0,0
15980,3,1560,88,2398.9,799.63333333333333,40,3.95,3,0,0
15747,3,466,12,946.6,315.53333333333336,52,1.8,3,0,0
16418,3,280,44,631.1,210.36666666666667,76,1.94,3,0,0
16221,3,714,36,860.9,286.96666666666664,90,3.52,3,0,0
16049,3,763,40,1074.8,358.26666666666665,248,0.12,3,0,0
14681,3,76,71,498.9,166.29999999999998,6,23.33,3,0,0
16948,3,1614,138,435,145,15,10.39,3,0,0
17076,3,295,36,841.1,280.36666666666667,17,13.67,3,0,0
14779,3,84,280,386.1,128.70000000000002,40,1.07,3,0,0
13637,3,404,52,803,267.66666666666669,78,1.79,3,0,0
13334,3,1764,82,3502.3,1167.4333333333334,207,0.84,3,0,0
18149,3,310,50,612.1,204.03333333333333,11,14.87,3,0,0
15009,3,639,12,1259.4,419.8,148,0.07,3,0,0
16464,3,952,19,1298.7,432.90000000000003,152,0.54,3,0,0
16442,3,443,1,609.3,203.1,161,2.11,3,0,0
14461,3,765,148,2102.7,700.9,172,0.63,3,0,0
13029,3,134,30,1247.5,415.83333333333331,8,35.89,3,0,0
16851,3,271,4,342.4,114.13333333333333,17,2.47,3,0,0
18062,3,396,173,720.5,240.16666666666666,23,6.31,3,0,0
15133,3,680,127,982.4,327.46666666666664,27,6.21,3,0,0
15053,3,984,4,693.9,231.29999999999998,49,4.07,3,0,0
14775,3,1174,58,1011.9,337.3,57,5.32,3,0,0
13533,3,202,182,269.1,89.7,61,1.15,3,0,0
15933,3,885,21,1107.5,369.16666666666669,63,0.89,3,0,0
14759,3,569,4,1626,542,92,2.26,3,0,0
16997,3,360,288,702,234,7,3.36,3,0,0
17588,3,676,100,1240.2,413.40000000000003,19,6,3,0,0
16099,3,434,50,731.9,243.96666666666667,29,4.61,3,0,0
15577,3,89,151,258.9,86.3,39,4.05,3,0,0
17058,3,592,81,1179.9,393.3,51,2.59,3,0,0
15920,3,94,154,163.5,54.5,52,0,3,0,0
13851,3,1705,95,2651.5,883.83333333333337,77,2.41,3,0,0
14930,3,1160,108,2363,787.66666666666663,116,1.32,3,0,0
14593,3,330,21,617.1,205.70000000000002,127,1.18,3,0,0
17472,3,455,191,697.5,232.5,142,0.62,3,0,0
12527,3,233,81,330.7,110.23333333333333,17,15.25,3,0,0
16431,3,442,213,623.3,207.76666666666665,51,1.12,3,0,0
14250,3,1200,7,1904,634.66666666666663,94,0.75,3,0,0
14418,3,1711,3,1937.3,645.76666666666665,114,0.85,3,0,0
14971,3,639,35,1098,366,144,0.05,3,0,0
17483,3,191,65,414,138,18,5.9,3,0,0
12640,3,301,23,994.6,331.53333333333336,46,1.18,3,0,0
16930,3,339,26,378.9,126.3,47,0.81,3,0,0
13425,3,1122,108,1609.2,536.4,65,2.45,3,0,0
16706,3,249,37,531.3,177.1,108,0.63,3,0,0
17024,3,69,45,95.8,31.933333333333334,2,56,3,0,0
15797,3,872,113,2192.4,730.80000000000007,7,31.83,3,0,0
12526,3,624,0,1172.7,390.90000000000003,63,1.4,3,0,0
14616,3,104,242,406.1,135.36666666666667,2,37.5,3,0,0
17045,3,106,113,339.4,113.13333333333333,20,6.38,3,0,0
15865,3,368,40,895.1,298.36666666666667,37,4.44,3,0,0
17545,3,337,43,642.3,214.1,122,0,3,0,0
13772,3,540,33,1122.6,374.2,141,1.2,3,0,0
14529,3,325,60,578.6,192.86666666666667,177,0.24,3,0,0
14828,3,2172,196,2139.8,713.26666666666677,17,8.75,3,0,0
13389,3,428,11,783,261,49,4.51,3,0,0
16885,3,178,15,450.4,150.13333333333333,82,3.6,3,0,0
16012,3,799,35,1415.3,471.76666666666665,87,1.29,3,0,0
12360,3,1156,52,2302.1,767.36666666666667,104,1.18,3,0,0
14500,3,117,88,356.9,118.96666666666665,6,16.83,3,0,0
12950,3,1380,2,1843,614.33333333333337,13,1,3,0,0
14737,3,345,3,1164.5,388.16666666666669,15,21.88,3,0,0
15651,3,479,36,646.3,215.43333333333331,27,7.23,3,0,0
13258,3,282,11,672.8,224.26666666666665,28,5.54,3,0,0
17817,3,67,4,387.7,129.23333333333332,32,8.53,3,0,0
14540,3,411,9,952.7,317.56666666666666,64,4.29,3,0,0
16889,3,925,194,1578.7,526.23333333333335,112,1.06,3,0,0
16146,3,427,157,734.1,244.70000000000002,26,2.68,3,0,0
13606,3,276,29,276.7,92.233333333333334,40,7.23,3,0,0
18035,3,584,35,713.9,237.96666666666667,44,0.17,3,0,0
13037,3,431,138,881.1,293.7,44,2.51,3,0,0
15306,3,810,64,1174.3,391.43333333333334,57,1.47,3,0,0
17768,3,1122,8,2081.9,693.9666666666667,77,1.63,3,0,0
17282,3,1866,130,1685.5,561.83333333333337,79,1.92,3,0,0
14499,3,496,26,808.4,269.46666666666664,146,1.33,3,0,0
15907,3,477,3,881.9,293.96666666666664,174,0.92,3,0,0
13242,3,130,112,270.4,90.133333333333326,12,8.42,3,0,0
16037,3,428,269,855,285,37,2.34,3,0,0
13652,3,578,45,1095.1,365.0333333333333,48,5.21,3,0,0
14561,3,1014,75,1080.8,360.26666666666665,67,1.6,3,0,0
13764,3,923,70,1516.4,505.4666666666667,182,1.3,3,0,0
14818,3,324,73,657.8,219.26666666666665,41,3.83,3,0,0
12412,3,824,74,1142.9,380.9666666666667,42,1.67,3,0,0
17835,3,344,2,342.2,114.06666666666666,45,0.36,3,0,0
15440,3,197,54,383.7,127.89999999999999,50,2.52,3,0,0
13546,3,357,12,621.1,207.03333333333333,72,1.96,3,0,0
18096,3,788,11,849.1,283.03333333333336,157,0.27,3,0,0
17500,3,17,17,1138,379.33333333333331,3,3,3,0,0
13003,3,103,105,149.1,49.699999999999996,4,21.8,3,0,0
12787,3,258,9,418.7,139.56666666666666,16,11.44,3,0,0
17033,3,750,86,1030.1,343.36666666666662,24,10.11,3,0,0
14973,3,369,107,1314.4,438.13333333333338,29,3.81,3,0,0
13000,3,379,106,534.9,178.29999999999998,30,8.6,3,0,0
12642,3,546,25,905.3,301.76666666666665,38,1.91,3,0,0
17864,3,706,12,554.9,184.96666666666667,70,2.96,3,0,0
16369,3,1026,18,1543.3,514.43333333333328,90,1.56,3,0,0
16872,3,600,77,680,226.66666666666666,5,17.83,3,0,0
12990,3,200,31,409.5,136.5,8,23.25,3,0,0
17361,3,157,49,488.2,162.73333333333332,26,8.64,3,0,0
18150,3,332,32,566.6,188.86666666666667,29,4.69,3,0,0
16020,3,487,16,851,283.66666666666669,42,1.09,3,0,0
12609,3,639,78,964.9,321.63333333333333,56,4.29,3,0,0
16807,3,777,142,1106.6,368.86666666666662,56,1.97,3,0,0
17886,3,469,31,869.3,289.76666666666665,93,2.16,3,0,0
17015,3,1978,28,1838.6,612.86666666666667,182,0.74,3,0,0
15462,3,172,94,234.6,78.2,9,9.3,3,0,0
17557,3,306,14,541.5,180.5,27,2.03,3,0,0
16357,3,246,33,658.9,219.63333333333333,31,5.45,3,0,0
12372,3,788,71,1196,398.66666666666669,33,4.69,3,0,0
17765,3,143,158,367.6,122.53333333333335,51,1.78,3,0,0
16385,3,258,60,554.9,184.96666666666667,52,5.46,3,0,0
17158,3,778,32,1267,422.33333333333331,53,4.97,3,0,0
16511,3,401,21,916.3,305.43333333333334,134,1.56,3,0,0
14712,3,315,29,917.1,305.7,21,3.46,3,0,0
15680,3,952,9,1333.7,444.56666666666666,61,4.64,3,0,0
16317,3,890,119,1341.7,447.23333333333335,64,2.62,3,0,0
14387,3,795,32,1727.6,575.86666666666667,125,0.56,3,0,0
15427,3,967,33,1430.5,476.83333333333331,233,0.05,3,0,0
16478,3,224,25,331,110.33333333333333,15,2.5,3,0,0
16593,3,116,50,330,110,24,10.65,3,0,0
15780,3,220,183,475.3,158.43333333333334,26,6.21,3,0,0
16882,3,424,66,705.1,235.03333333333333,39,6.61,3,0,0
13140,3,185,108,422.5,140.83333333333334,40,5.86,3,0,0
18036,3,232,32,403.1,134.36666666666667,77,2.29,3,0,0
13827,3,138,57,409.8,136.6,83,0.95,3,0,0
13373,3,1651,60,3312.3,1104.1000000000001,135,1.38,3,0,0
16943,3,145,211,816.7,272.23333333333335,23,3.34,3,0,0
14731,3,256,47,380,126.66666666666667,38,3.75,3,0,0
14631,3,622,50,1007,335.66666666666669,38,6.2,3,0,0
16762,3,480,19,1207.2,402.40000000000003,51,2.02,3,0,0
13174,3,1351,16,2738.8,912.93333333333339,227,1.21,3,0,0
12356,3,1573,22,2487.4,829.13333333333333,52,5.32,3,0,0
18235,3,1578,71,1796.5,598.83333333333337,100,1.42,3,0,0
17616,3,224,173,571.2,190.4,1,97,3,0,0
17830,3,92,1,398.7,132.9,18,13.05,3,0,0
15768,3,244,115,621.8,207.26666666666665,23,4.23,3,0,0
15192,3,918,119,1044.3,348.09999999999997,36,4.92,3,0,0
15414,3,442,9,759.9,253.29999999999998,36,6.3,3,0,0
13330,3,751,92,1140.9,380.3,37,4.29,3,0,0
13900,3,430,183,741,247,42,1.88,3,0,0
16460,3,876,28,811.2,270.40000000000003,128,0.4,3,0,0
17777,3,501,24,647.6,215.86666666666667,141,0.4,3,0,0
16671,3,875,28,1692.3,564.1,3,27.2,3,0,0
13058,3,52,24,271.4,90.466666666666654,5,18.14,3,0,0
13819,3,1109,301,1140.4,380.13333333333338,26,0.51,3,0,0
17398,3,310,114,653.4,217.79999999999998,30,3.81,3,0,0
14383,3,817,38,1247.7,415.90000000000003,49,2.16,3,0,0
17360,3,328,17,568.2,189.4,113,1.35,3,0,0
16378,3,267,247,363,121,22,2.86,3,0,0
16102,3,942,42,1842.1,614.0333333333333,41,1.54,3,0,0
15456,3,633,283,434.6,144.86666666666667,48,1.33,3,0,0
14823,3,88,180,321.4,107.13333333333333,56,0.2,3,0,0
13486,3,669,78,1122.4,374.13333333333338,69,1.13,3,0,0
17932,3,789,29,1331.6,443.86666666666662,84,2.04,3,0,0
12798,3,5256,10,6977,2325.6666666666665,6,22.86,3,0,0
12593,3,204,108,382.1,127.36666666666667,13,5.79,3,0,0
13379,3,601,26,572.6,190.86666666666667,85,1.15,3,0,0
15376,3,615,40,1221.6,407.2,100,1.58,3,0,0
16866,3,60,140,207.7,69.233333333333334,10,2.1,3,0,0
16174,3,651,126,1009.5,336.5,19,1.14,3,0,0
13812,3,330,42,485,161.66666666666666,32,1.97,3,0,0
13492,3,408,136,1269.8,423.26666666666665,38,1.59,3,0,0
15582,3,453,24,682.9,227.63333333333333,39,4.56,3,0,0
14880,3,364,77,675.6,225.20000000000002,44,4.8,3,0,0
15334,3,272,156,347.9,115.96666666666665,66,0.18,3,0,0
13124,3,2119,89,3756.3,1252.1000000000001,185,1.22,3,0,0
18273,3,80,2,204,68,1,127.5,3,0,0
16927,3,993,115,543.1,181.03333333333333,5,49.2,3,0,0
14463,3,178,98,514.6,171.53333333333333,5,26.75,3,0,0
15675,3,527,81,323.7,107.89999999999999,20,9.95,3,0,0
16298,3,198,22,598.2,199.4,22,6.31,3,0,0
13414,3,1574,133,1390.5,463.5,23,7.09,3,0,0
12891,3,950,185,331,110.33333333333333,2,53.5,3,0,0
15759,3,60,218,253,84.333333333333329,5,23.33,3,0,0
13461,3,1170,38,1445,481.66666666666669,14,4.81,3,0,0
13643,3,273,31,519.4,173.13333333333333,24,5.7,3,0,0
17146,3,212,105,749.8,249.93333333333331,33,7.44,3,0,0
17759,3,696,17,818.7,272.90000000000003,81,1.73,3,0,0
13344,3,952,67,2511.7,837.23333333333323,115,1.83,3,0,0
15436,3,574,12,1067.8,355.93333333333334,243,0.77,3,0,0
16226,3,192,203,255.1,85.033333333333331,6,4.57,3,0,0
16000,3,5110,2,12393.7,4131.2333333333336,9,0,3,0,0
13487,3,265,57,575.4,191.79999999999998,26,8.97,3,0,0
17990,3,414,236,630.8,210.26666666666665,27,4.46,3,0,0
14013,3,462,110,473,157.66666666666666,30,5,3,0,0
13516,3,984,21,1374.4,458.13333333333338,42,5.17,3,0,0
13562,3,757,81,1799.3,599.76666666666665,50,2.02,3,0,0
14798,3,150,52,173.7,57.9,11,23.45,3,0,0
13318,3,304,1,640.8,213.6,14,1.89,3,0,0
17420,3,265,50,598.8,199.6,28,11.14,3,0,0
12541,3,675,29,841.2,280.40000000000003,45,5.23,3,0,0
15399,3,611,1,815.8,271.93333333333334,45,1.59,3,0,0
18202,3,581,199,1397,465.66666666666669,55,1.67,3,0,0
17618,3,319,5,930.3,310.09999999999997,56,5.41,3,0,0
14125,3,1628,10,2720.6,906.86666666666667,159,0.41,3,0,0
16139,3,330,18,635.4,211.79999999999998,25,6.27,3,0,0
16734,3,345,52,646.8,215.6,44,1.22,3,0,0
17047,3,533,85,1100.9,366.9666666666667,59,1.88,3,0,0
15799,3,955,75,884.1,294.7,94,2.67,3,0,0
16940,3,2169,52,3049.9,1016.6333333333333,226,0.78,3,0,0
13848,3,3700,92,1255,418.33333333333331,3,68.5,3,0,0
13666,3,41,60,84.7,28.233333333333334,12,20.64,3,0,0
13038,3,360,80,908.5,302.83333333333331,24,7.78,3,0,0
17295,3,293,28,547,182.33333333333334,53,0.54,3,0,0
17320,3,634,100,1200.6,400.2,57,3.72,3,0,0
15111,3,710,29,1567.5,522.5,70,4.13,3,0,0
12620,3,1179,14,1303.4,434.4666666666667,88,2.11,3,0,0
17083,3,772,109,1405.8,468.59999999999997,24,3.8,3,0,0
15806,3,602,46,784.6,261.53333333333336,24,7.67,3,0,0
16008,3,323,23,478.8,159.6,29,5.66,3,0,0
18170,3,409,33,980.3,326.76666666666665,29,4.97,3,0,0
14001,3,962,45,2043.1,681.0333333333333,34,8.63,3,0,0
14127,3,321,122,709.7,236.56666666666669,39,4.37,3,0,0
15452,3,280,29,528.5,176.16666666666666,47,4.27,3,0,0
16804,3,246,23,537,179,59,4.19,3,0,0
17266,3,153,2,296.6,98.866666666666674,60,2.01,3,0,0
13280,3,518,122,798.5,266.16666666666669,67,2.65,3,0,0
14700,3,1314,32,2195.1,731.69999999999993,80,1.86,3,0,0
12759,3,894,52,1411.4,470.4666666666667,80,2.45,3,0,0
17974,3,500,24,704,234.66666666666666,143,1.19,3,0,0
17590,3,820,2,1451.8,483.93333333333334,160,0.2,3,0,0
16532,3,2016,17,6748.8,2249.6,2,107,3,0,0
16589,3,368,71,459.2,153.06666666666666,31,2.81,3,0,0
17631,3,334,1,528.3,176.1,39,6.08,3,0,0
18287,3,1586,42,1837.3,612.43333333333328,59,2.3,3,0,0
16960,3,301,38,505.1,168.36666666666667,91,2.16,3,0,0
15787,3,534,26,933.3,311.09999999999997,156,0.18,3,0,0
16079,3,864,16,1352,450.66666666666669,18,1.2,3,0,0
18127,3,187,19,347.1,115.7,41,2.53,3,0,0
15901,3,372,16,349.7,116.56666666666666,101,1.28,3,0,0
13427,3,545,19,582.6,194.20000000000002,25,7,3,0,0
13376,3,490,99,869.8,289.93333333333334,44,2.76,3,0,0
15807,3,430,50,903.9,301.3,48,0.57,3,0,0
15156,3,597,1,961.5,320.5,51,0.59,3,0,0
15245,3,1784,134,2515.8,838.6,55,1.44,3,0,0
14856,3,711,36,1290.5,430.16666666666669,65,0.31,3,0,0
14161,3,450,215,1097.6,365.86666666666662,87,1.5,3,0,0
17198,3,357,23,692.2,230.73333333333335,89,3.66,3,0,0
17351,3,113,36,587.1,195.70000000000002,22,9.12,3,0,0
16950,3,644,56,1178.6,392.86666666666662,39,7.59,3,0,0
17064,3,316,58,855.5,285.16666666666669,53,4.48,3,0,0
13591,3,485,64,1117.1,372.36666666666662,56,3.54,3,0,0
17917,3,184,45,335,111.66666666666667,77,3.48,3,0,0
16495,3,328,3,648.3,216.1,78,3.14,3,0,0
15036,3,316,72,429.6,143.20000000000002,107,0.91,3,0,0
14465,3,398,246,1038.4,346.13333333333338,107,0.46,3,0,0
18017,3,300,81,523,174.33333333333334,1,114.5,3,0,0
16832,3,33,184,199.2,66.399999999999991,11,3,3,0,0
12414,3,297,217,442.4,147.46666666666667,15,6.64,3,0,0
12999,3,342,196,455.9,151.96666666666667,25,1.81,3,0,0
13951,3,459,176,674.4,224.79999999999998,38,3.11,3,0,0
12754,3,6481,235,3010.7,1003.5666666666666,49,1.18,3,0,0
14514,3,564,61,990.2,330.06666666666666,65,3.97,3,0,0
14592,3,407,35,557.9,185.96666666666667,132,0.18,3,0,0
14669,3,770,241,1259.2,419.73333333333335,158,0.55,3,0,0
18081,3,195,36,343.5,114.5,14,6.06,3,0,0
14075,3,754,4,942.3,314.09999999999997,33,6.12,3,0,0
16214,3,420,170,1062.7,354.23333333333335,36,2.3,3,0,0
13521,3,715,1,1070.5,356.83333333333331,312,0.02,3,0,0
15516,3,27,44,62.4,20.8,15,0.14,3,0,0
12498,3,156,21,349.7,116.56666666666666,20,1.8,3,0,0
14720,3,219,5,663.8,221.26666666666665,34,3.36,3,0,0
16969,3,815,39,635.4,211.79999999999998,41,3.8,3,0,0
13211,3,834,10,1095.4,365.13333333333338,45,6.5,3,0,0
16010,3,202,245,392.4,130.79999999999998,62,1.5,3,0,0
12942,3,198,131,675.6,225.20000000000002,68,3.39,3,0,0
17371,3,151,17,418.4,139.46666666666667,83,4.05,3,0,0
17892,3,109,56,244.1,81.36666666666666,27,3.67,3,0,0
15506,3,842,22,972.1,324.03333333333336,121,0.72,3,0,0
17341,3,443,156,682.3,227.43333333333331,147,1.35,3,0,0
17580,3,87,252,212.8,70.933333333333337,42,2.47,3,0,0
17550,3,86,197,267.2,89.066666666666663,42,1.12,3,0,0
17703,3,590,35,798.7,266.23333333333335,47,1.91,3,0,0
13867,3,501,31,1005.1,335.03333333333336,51,3.17,3,0,0
15026,3,225,80,464.2,154.73333333333332,56,3.34,3,0,0
17461,3,770,22,735.8,245.26666666666665,104,0.07,3,0,0
18043,3,265,24,529.3,176.43333333333331,106,3,3,0,0
13946,3,443,79,561.6,187.20000000000002,11,18.8,3,0,0
13249,3,546,92,711.4,237.13333333333333,21,7.68,3,0,0
13016,3,527,73,789.9,263.3,39,1.09,3,0,0
16040,3,684,65,1313.6,437.86666666666662,57,3.17,3,0,0
14246,3,804,110,1474.1,491.36666666666662,57,1.82,3,0,0
15067,3,954,78,1744.8,581.6,82,2.52,3,0,0
15051,3,1010,23,1383.4,461.13333333333338,130,0.9,3,0,0
14385,3,159,9,202.1,67.36666666666666,13,1.08,3,0,0
15485,3,1281,30,2564.5,854.83333333333337,59,4.08,3,0,0
13959,3,355,79,594,198,79,3.18,3,0,0
17312,3,372,138,644.3,214.76666666666665,11,1.62,3,0,0
14006,3,641,115,962.2,320.73333333333335,22,6.79,3,0,0
14765,3,135,29,254.1,84.7,38,3.87,3,0,0
17734,3,422,53,700.6,233.53333333333333,40,4.29,3,0,0
15164,3,351,68,824.6,274.86666666666667,79,2.71,3,0,0
16023,3,358,46,719.8,239.93333333333331,90,2.2,3,0,0
16324,3,270,128,408.6,136.20000000000002,100,0.45,3,0,0
17720,4,576,26,1195.9,298.975,39,6.96,4,0,0
17299,4,668,11,656.6,164.15,50,3,4,0,0
12449,4,1523,22,3596.3,899.075,117,0.89,4,0,0
16833,4,440,1,1106.5,276.625,46,7.24,4,0,0
13167,4,773,18,779.3,194.825,50,1.98,4,0,0
15145,4,756,4,1194.7,298.675,54,3.7,4,0,0
15743,4,214,16,776,194,59,1.98,4,0,0
16469,4,260,23,625.4,156.35,148,1.31,4,0,0
17585,4,1650,109,1116.7,279.175,176,1.11,4,0,0
15199,4,396,59,1268.7,317.175,5,20.75,4,0,0
15394,4,910,9,2183.5,545.875,54,4.15,4,0,0
13429,4,1390,10,1006.8,251.7,55,0.98,4,0,0
16906,4,263,81,559.6,139.9,74,1.96,4,0,0
15022,4,527,11,852.4,213.1,96,0.3,4,0,0
15701,4,912,2,1529,382.25,193,0.47,4,0,0
17388,4,1068,77,1259.6,314.9,13,15,4,0,0
12845,4,204,267,354.1,88.525,26,0.88,4,0,0
16513,4,407,4,874.6,218.65,33,1.15,4,0,0
12728,4,413,71,728.3,182.075,37,6.37,4,0,0
17088,4,868,28,1991,497.75,96,1.97,4,0,0
15587,4,312,50,913.7,228.425,3,37.62,4,0,0
14824,4,525,10,1127.7,281.925,19,2.89,4,0,0
15421,4,500,58,950.4,237.6,40,4.85,4,0,0
13720,4,500,116,784.9,196.225,41,3.37,4,0,0
15835,4,439,44,954.1,238.525,47,5.84,4,0,0
17454,4,243,192,517.5,129.375,57,2.78,4,0,0
18079,4,7347,45,3613.1,903.275,99,1.58,4,0,0
16657,4,1130,9,874.4,218.6,158,1.28,4,0,0
13869,4,1709,123,3083.7,770.925,234,0.77,4,0,0
13940,4,516,17,839.1,209.775,39,2.65,4,0,0
12399,4,1173,119,1033.7,258.425,46,2.63,4,0,0
16009,4,366,22,972.1,243.025,68,1.69,4,0,0
17572,4,95,71,226.8,56.7,7,27.45,4,0,0
13928,4,129,10,464.6,116.15,23,4.73,4,0,0
15571,4,264,11,650.4,162.6,47,1.2,4,0,0
15060,4,256,8,293,73.25,80,0.01,4,0,0
15819,4,1357,49,1905.4,476.35,96,1.86,4,0,0
16005,4,280,12,578.7,144.675,173,1.29,4,0,0
16169,4,1325,8,1823,455.75,71,0.8,4,0,0
17921,4,425,64,820.2,205.05,114,1.43,4,0,0
12370,4,2349,51,3421.9,855.475,142,1.88,4,0,0
14163,4,893,87,2445.9,611.475,36,2.98,4,0,0
13475,4,1012,191,1431.8,357.95,64,1.26,4,0,0
14449,4,741,18,885.8,221.45,201,1.42,4,0,0
14844,4,1833,63,3189.8,797.45,87,1.38,4,0,0
15206,4,162,10,420.3,105.075,3,33.13,4,0,0
18173,4,1220,86,2106.8,526.7,23,6.27,4,0,0
15116,4,648,17,1352.8,338.2,37,4.25,4,0,0
14273,4,264,51,560,140,22,6.82,4,0,0
14173,4,150,10,450.8,112.7,28,7.46,4,0,0
14446,4,856,0,1005.6,251.4,232,0.89,4,0,0
14609,4,7026,72,601.6,150.4,2,74.67,4,0,0
17816,4,30,36,36.6,9.15,16,20.56,4,0,0
15500,4,572,8,1131.6,282.9,64,1.09,4,0,0
13149,4,1280,14,1676.1,419.025,76,3.24,4,0,0
15407,4,552,33,1046.7,261.675,142,1.85,4,0,0
14532,4,284,236,932.8,233.2,45,1.84,4,0,0
12695,4,220,7,582.1,145.525,23,7.81,4,0,0
13681,4,360,17,827.8,206.95,37,2.46,4,0,0
14360,4,1139,31,2118,529.5,104,0.54,4,0,0
13614,4,564,24,1585.5,396.375,171,1.58,4,0,0
17560,4,635,94,855,213.75,22,8.64,4,0,0
16062,4,800,9,1153.6,288.4,50,5.63,4,0,0
13301,4,343,103,600.2,150.05,74,2.39,4,0,0
18145,4,2625,12,2861.6,715.4,174,1.36,4,0,0
12348,4,2332,75,1437.2,359.3,21,10.88,4,0,0
15483,4,291,161,225.3,56.325,74,1.27,4,0,0
13489,4,560,105,449.5,112.375,11,14.54,4,0,0
12421,4,478,15,639,159.75,31,7.6,4,0,0
16688,4,804,1,1260.9,315.225,52,0.97,4,0,0
13200,4,516,19,870.1,217.525,42,2.38,4,0,0
13515,4,681,72,891.1,222.775,50,3.02,4,0,0
17884,4,817,3,695.1,173.775,107,3.29,4,0,0
17812,4,329,12,699.8,174.95,113,2.7,4,0,0
17019,4,820,11,1258.1,314.525,166,1.57,4,0,0
13277,4,176,15,258.4,64.6,5,16.86,4,0,0
14608,4,437,4,1785.1,446.275,8,18.84,4,0,0
17905,4,406,71,799,199.75,33,9.44,4,0,0
13297,4,963,7,2089.8,522.45,52,1.03,4,0,0
14224,4,483,110,1009.7,252.425,105,1.88,4,0,0
14710,4,375,14,599.5,149.875,124,0.33,4,0,0
17073,4,758,17,1444.8,361.2,141,0.53,4,0,0
12744,4,5234,56,9120.4,2280.1,177,1.22,4,0,0
17571,4,875,50,1424.4,356.1,246,0.92,4,0,0
16308,4,8000,37,2560,640,1,74.67,4,0,0
16696,4,146,135,657.9,164.475,7,12.56,4,0,0
17324,4,843,17,986.5,246.625,43,7.27,4,0,0
15608,4,714,28,1093.7,273.425,59,1.56,4,0,0
15002,4,862,115,1641.8,410.45,93,2.21,4,0,0
14352,4,538,157,1079,269.75,44,2.52,4,0,0
17796,4,176,40,690,172.5,63,4.11,4,0,0
14913,4,1743,35,1227.4,306.85,76,3.77,4,0,0
14504,4,308,47,673.3,168.325,85,2.18,4,0,0
13077,4,862,1,728,182,99,3.32,4,0,0
14167,4,147,39,562.6,140.65,27,5.96,4,0,0
15952,4,391,33,781.9,195.475,65,2.31,4,0,0
17043,4,998,32,1735.2,433.8,100,2.32,4,0,0
13555,4,2636,73,4098.9,1024.725,128,0.96,4,0,0
12480,4,1685,28,2885.6,721.4,128,2.07,4,0,0
13963,4,460,308,664.5,166.125,35,1.74,4,0,0
14293,4,709,3,1046.6,261.65,51,6.08,4,0,0
16126,4,2125,29,6287.8,1571.95,57,2.3,4,0,0
14820,4,253,21,507.3,126.825,24,5.43,4,0,0
15028,4,459,8,627.1,156.775,35,7.66,4,0,0
15550,4,295,4,575.6,143.9,43,4.95,4,0,0
15656,4,343,45,748.5,187.125,46,5.2,4,0,0
14467,4,276,17,596.3,149.075,67,3.35,4,0,0
15574,4,332,177,675.6,168.9,131,1.29,4,0,0
16370,4,640,82,1301.9,325.475,143,0.65,4,0,0
14649,4,1004,4,1402.6,350.65,148,1.12,4,0,0
13285,4,2051,23,2709.1,677.275,157,1.44,4,0,0
16728,4,671,46,1048.3,262.075,218,0.83,4,0,0
16612,4,506,32,1187.7,296.925,48,4.29,4,0,0
13158,4,784,94,1201.1,300.275,59,2.87,4,0,0
14336,4,1759,16,1614.9,403.725,77,2.92,4,0,0
15237,4,1071,1,1412.3,353.075,94,2.31,4,0,0
16122,4,1128,73,684.4,171.1,26,7.92,4,0,0
14931,4,414,4,864.7,216.175,28,6.38,4,0,0
12724,4,439,5,923.4,230.85,46,6.81,4,0,0
12429,4,1538,9,3388.4,847.1,81,3.83,4,0,0
17787,4,896,152,1817.5,454.375,94,1.72,4,0,0
15673,4,1451,88,2726.2,681.55,107,1.74,4,0,0
15707,4,594,35,917,229.25,126,0.25,4,0,0
18242,4,1017,72,2232.5,558.125,72,1.83,4,0,0
15530,4,938,21,1497.3,374.325,90,2.12,4,0,0
13558,4,338,5,594.5,148.625,123,0.37,4,0,0
16816,4,274,103,417.1,104.275,28,9.44,4,0,0
13835,4,442,25,834.6,208.65,48,3.52,4,0,0
15031,4,400,4,653.2,163.3,74,2.55,4,0,0
14234,4,951,22,754.1,188.525,122,0.24,4,0,0
17502,4,376,9,689.1,172.275,25,0.74,4,0,0
12937,4,1007,15,1504.3,376.075,81,2.12,4,0,0
13507,4,1597,3,2479.2,619.8,146,0.88,4,0,0
16175,4,533,94,1037.6,259.4,45,2.56,4,0,0
14758,4,419,144,1484.1,371.025,54,1.64,4,0,0
15983,4,886,22,1465.1,366.275,82,3.16,4,0,0
13838,4,254,5,674.8,168.7,144,2.22,4,0,0
14044,4,304,26,646.4,161.6,165,1.38,4,0,0
13147,4,144,10,712.8,178.2,1,29.67,4,0,0
17268,4,844,107,763.6,190.9,3,27.6,4,0,0
13247,4,328,17,501.1,125.275,18,2.71,4,0,0
17373,4,408,40,646.9,161.725,47,4.86,4,0,0
13220,4,196,78,819.3,204.825,18,7.9,4,0,0
17370,4,540,72,446.2,111.55,31,3.03,4,0,0
12820,4,722,3,942.3,235.575,55,5.57,4,0,0
16295,4,841,9,1328.6,332.15,70,0.71,4,0,0
15716,4,738,145,1101.1,275.275,101,1.93,4,0,0
16475,4,319,88,544.3,136.075,23,6.85,4,0,0
17515,4,243,31,639,159.75,49,3.34,4,0,0
13064,4,514,12,1105.6,276.4,51,4.7,4,0,0
16045,4,897,119,1340.7,335.175,71,2.09,4,0,0
16361,4,418,9,891.2,222.8,87,0.6,4,0,0
12432,4,1800,42,4359.3,1089.825,106,1.23,4,0,0
12993,4,240,23,414.8,103.7,26,10.58,4,0,0
15624,4,357,116,588.1,147.025,26,4.24,4,0,0
13240,4,297,96,648.7,162.175,58,4.14,4,0,0
12836,4,1062,59,2610.4,652.6,148,1.46,4,0,0
13203,4,800,9,869.5,217.375,56,4.16,4,0,0
13155,4,497,33,971.8,242.95,67,3.99,4,0,0
16205,4,512,30,751,187.75,72,1.57,4,0,0
14285,4,541,21,1910,477.5,18,5.96,4,0,0
15332,4,652,366,1661.1,415.275,29,0.09,4,0,0
16043,4,503,37,774,193.5,30,7.37,4,0,0
15679,4,1170,24,781.3,195.325,98,1.45,4,0,0
17092,4,1130,50,1774,443.5,99,1.85,4,0,0
14045,4,535,109,1659.8,414.95,4,52.8,4,0,0
16342,4,157,75,322.4,80.6,10,7.43,4,0,0
14970,4,250,68,1592.1,398.025,24,7.52,4,0,0
12680,4,439,0,790.8,197.7,32,2.35,4,0,0
16206,4,272,54,537.1,134.275,52,4.4,4,0,0
14577,4,353,12,859.7,214.925,86,2.87,4,0,0
16007,4,1388,47,1693.8,423.45,221,0.44,4,0,0
16112,4,574,143,195.7,48.925,15,13,4,0,0
17006,4,271,4,766.8,191.7,36,1.69,4,0,0
14897,4,468,7,1366.4,341.6,43,5.35,4,0,0
16224,4,1116,57,1295.3,323.825,90,2.02,4,0,0
15756,4,241,61,528,132,160,0.99,4,0,0
14790,4,699,16,745.1,186.275,30,5.27,4,0,0
15062,4,763,71,987.9,246.975,47,5.14,4,0,0
14871,4,179,3,501.3,125.325,68,3.88,4,0,0
15862,4,585,8,832.9,208.225,142,2.5,4,0,0
16621,4,302,51,813.5,203.375,22,8.07,4,0,0
12615,4,1365,2,2093.2,523.3,81,1.66,4,0,0
15965,4,434,17,808.9,202.225,88,3.18,4,0,0
13196,4,1224,11,1797.8,449.45,97,2.3,4,0,0
15644,4,550,166,803.5,200.875,166,0.41,4,0,0
12364,4,1499,7,1208.1,302.025,69,1.31,4,0,0
17849,4,114,218,605.8,151.45,14,4.6,4,0,0
13592,4,84,35,248,62,15,15.27,4,0,0
13892,4,983,26,633,158.25,26,8.46,4,0,0
17101,4,815,10,1621.7,405.425,28,4.1,4,0,0
16188,4,782,44,981.9,245.475,65,3,4,0,0
13471,4,1583,1,2501.8,625.45,214,0.18,4,0,0
16539,4,477,2,1388.8,347.2,36,8.43,4,0,0
14715,4,521,24,867.4,216.85,60,4.39,4,0,0
15641,4,1562,105,1887.2,471.8,102,2.15,4,0,0
14591,4,1228,15,1320.2,330.05,138,1.13,4,0,0
14662,4,578,28,741.4,185.35,143,1.85,4,0,0
14554,4,1443,10,2279.5,569.875,147,0.21,4,0,0
12539,4,2067,22,5568.3,1392.075,157,1.14,4,0,0
17625,4,1180,18,2020.4,505.1,223,0.78,4,0,0
17955,4,273,198,557.3,139.325,14,1.17,4,0,0
17345,4,341,15,519.7,129.925,70,2.21,4,0,0
14805,4,114,15,546.4,136.6,30,6.62,4,0,0
12883,4,196,24,703.5,175.875,39,1.59,4,0,0
12783,4,611,2,1295.9,323.975,74,0.95,4,0,0
16261,4,301,17,728.5,182.125,98,1.94,4,0,0
12970,4,268,7,405.5,101.375,116,2.46,4,0,0
17523,4,872,11,652.7,163.175,25,0.25,4,0,0
13865,4,204,58,501.6,125.4,26,7.97,4,0,0
16806,4,355,103,736.2,184.05,67,1.49,4,0,0
12700,4,2944,7,4526,1131.5,192,0.79,4,0,0
14522,4,525,24,974.5,243.625,15,10.88,4,0,0
16182,4,3791,72,6617.7,1654.425,17,8.22,4,0,0
14216,4,593,3,1824.3,456.075,46,0.6,4,0,0
13316,4,5508,37,5732.9,1433.225,66,2.55,4,0,0
15704,4,1028,140,2293.6,573.4,79,0.65,4,0,0
12393,4,816,72,1582.6,395.65,47,4.13,4,0,0
17883,4,374,3,664.3,166.075,133,1.72,4,0,0
17589,4,1630,60,2402.9,600.725,171,0.72,4,0,0
15227,5,750,36,1219.4,243.88000000000002,43,4.93,5,0,0
13313,5,851,22,1555.3,311.06,47,4.12,5,0,0
15132,5,679,18,977.9,195.57999999999998,49,4.78,5,0,0
17656,5,1399,73,1674.7,334.94,67,0.68,5,0,0
15855,5,470,136,712.2,142.44,59,1.61,5,0,0
15288,5,775,43,2306.5,461.3,80,3.7,5,0,0
16085,5,636,23,981.5,196.3,123,1.79,5,0,0
17966,5,2571,37,1098.4,219.68,53,3.34,5,0,0
16225,5,493,44,1096.3,219.26,109,1.75,5,0,0
16395,5,1472,60,1482.1,296.41999999999996,150,1.32,5,0,0
14498,5,1098,42,1957.3,391.46,162,1.66,5,0,0
12444,5,1130,21,4085.5,817.1,137,0.88,5,0,0
17400,5,1088,126,2097.8,419.56000000000006,175,1.11,5,0,0
12691,5,388,28,927.8,185.56,20,12.65,5,0,0
17470,5,1675,44,1125.1,225.01999999999998,67,4.19,5,0,0
16409,5,1304,36,2023,404.6,145,1.22,5,0,0
16172,5,787,95,1140.2,228.04000000000002,52,2.15,5,0,0
17131,5,983,5,2463.2,492.64,78,0.53,5,0,0
17516,5,414,15,764.9,152.98,113,2.01,5,0,0
13079,5,62,4,220.1,44.019999999999996,2,27.2,5,0,0
13750,5,516,53,1647.3,329.46,20,12.3,5,0,0
14673,5,1004,3,1736.4,347.28000000000003,39,4.99,5,0,0
12723,5,433,3,707.1,141.42000000000002,52,0.93,5,0,0
17410,5,616,16,1214.7,242.94,57,3.16,5,0,0
16726,5,945,26,1358.7,271.74,121,1.89,5,0,0
14447,5,571,18,1163.2,232.64000000000001,54,3.8,5,0,0
13208,5,767,59,1193.2,238.64000000000001,123,1.72,5,0,0
13634,5,700,33,1547.4,309.48,156,1.59,5,0,0
14506,5,704,17,1960.7,392.14,204,1.2,5,0,0
13575,5,449,23,732.1,146.42000000000002,41,3.4,5,0,0
16456,5,1147,99,2158.2,431.64,80,2.51,5,0,0
12518,5,1306,0,1840.9,368.18,83,0.93,5,0,0
12502,5,794,95,2995.9,599.18000000000006,101,1.52,5,0,0
16258,5,2994,45,5203.5,1040.7,111,1.3,5,0,0
12823,5,230,74,1759.5,351.9,1,55.5,5,0,0
13524,5,322,40,650.2,130.04000000000002,16,7.46,5,0,0
14963,5,1159,9,1472.3,294.46,149,0.91,5,0,0
15812,5,922,107,1801.1,360.21999999999997,36,5.25,5,0,0
12714,5,3046,9,4294.9,858.9799999999999,215,1.13,5,0,0
14684,5,821,25,1201.5,240.3,231,0.87,5,0,0
14583,5,751,5,987,197.4,243,0.66,5,0,0
13875,5,1316,53,1786.8,357.36,79,2.41,5,0,0
18237,5,622,2,987.1,197.42000000000002,40,2.2,5,0,0
16066,5,935,16,1521,304.2,77,1.08,5,0,0
16891,5,265,1,742.4,148.48,166,2,5,0,0
17457,5,826,126,1737.7,347.54,14,11.83,5,0,0
13748,5,439,95,948.2,189.64000000000001,24,10.3,5,0,0
14035,5,738,28,1413,282.6,40,4.2,5,0,0
12913,5,1417,4,2453.6,490.71999999999997,36,7.74,5,0,0
15267,5,944,22,1717.4,343.48,8,16,5,0,0
15172,5,1610,8,1609,321.8,105,2.11,5,0,0
15511,5,269,11,900.5,180.1,117,0.47,5,0,0
13265,5,1740,53,2092.7,418.53999999999996,66,2.47,5,0,0
12455,5,2084,73,2339.9,467.98,84,2.65,5,0,0
16153,5,1073,49,1824.2,364.84000000000003,78,3.47,5,0,0
18239,5,795,218,1561.6,312.32,80,1.77,5,0,0
16515,5,826,52,1624.1,324.82,89,2.35,5,0,0
17770,5,365,198,1143.3,228.66,33,2.27,5,0,0
17869,5,111,107,428.2,85.64,37,6.69,5,0,0
17930,5,1594,35,1740.5,348.1,26,5.37,5,0,0
12654,5,260,10,530,106,30,8.64,5,0,0
17667,5,1033,66,2055.5,411.1,85,2.02,5,0,0
16771,5,1475,33,2230.6,446.12,199,1.21,5,0,0
16209,5,1178,88,2247.6,449.52,36,3.59,5,0,0
12557,5,4384,16,11991,2398.2,15,11.09,5,0,0
18211,5,359,25,600.1,120.02000000000001,37,6.17,5,0,0
16907,5,286,29,928.8,185.76,89,2.42,5,0,0
12912,5,670,2,1662.3,332.46,17,1.65,5,0,0
17042,5,990,2,1036.6,207.32,74,2.55,5,0,0
16249,5,950,52,1800.1,360.02,67,2.75,5,0,0
16128,5,988,17,1880.2,376.04,76,3.01,5,0,0
16438,5,463,5,798.3,159.66,74,0.59,5,0,0
17059,5,1850,29,3080.4,616.08,292,0.66,5,0,0
13824,5,768,32,1698.9,339.78000000000003,34,6.18,5,0,0
14440,5,588,8,2357.7,471.53999999999996,33,6.61,5,0,0
17827,5,1240,5,1987.3,397.46,190,1.68,5,0,0
14077,5,268,40,499.4,99.88,33,5.71,5,0,0
13719,5,609,15,1041.7,208.34,56,3.71,5,0,0
12928,5,1472,35,2062.7,412.53999999999996,59,3.9,5,0,0
14129,5,592,1,1123.9,224.78000000000003,31,5.08,5,0,0
15815,5,1856,63,2100.6,420.12,33,4.08,5,0,0
16003,5,1185,29,2735.4,547.08,82,3.24,5,0,0
18016,5,1027,32,1477.7,295.54,90,2.74,5,0,0
13956,5,486,5,1019.3,203.85999999999999,123,1.82,5,0,0
17262,5,367,52,1253.4,250.68,9,28.55,5,0,0
16748,5,880,17,1515.9,303.18,42,4.66,5,0,0
15858,5,1163,15,1427.6,285.52,145,1.88,5,0,0
16081,5,1473,56,2799.4,559.88,175,1.4,5,0,0
16709,5,851,84,3029.9,605.98,64,2.53,5,0,0
17348,5,1398,14,1156.6,231.32,180,1.33,5,0,0
15569,5,666,103,1375.7,275.14,27,7.63,5,0,0
15712,5,486,9,1072.4,214.48000000000002,41,5.35,5,0,0
14321,5,2406,10,1530.7,306.14,111,2.65,5,0,0
16440,5,2018,7,3640.7,728.14,186,0.74,5,0,0
13323,5,175,3,787.9,157.57999999999998,6,4.05,5,0,0
16750,5,214,44,623.9,124.78,74,2,5,0,0
13309,5,1544,7,1456.8,291.36,82,2.84,5,0,0
14978,5,523,72,1921.4,384.28000000000003,136,1.21,5,0,0
15938,5,240,112,404.6,80.92,13,12.41,5,0,0
16711,5,833,3,1651,330.2,18,16.86,5,0,0
12407,5,1403,49,1507.1,301.41999999999996,56,3.03,5,0,0
15605,5,441,36,1198.2,239.64000000000001,61,5.11,5,0,0
14698,5,602,1,1217.3,243.45999999999998,148,0.25,5,0,0
13808,5,782,5,1747.7,349.54,70,1.21,5,0,0
14691,5,707,30,2114.3,422.86,50,2.6,5,0,0
12906,5,1749,11,2919.8,583.96,55,1.08,5,0,0
14251,5,1674,1,2879.7,575.93999999999994,37,0.73,5,0,0
13015,5,1609,53,3339.6,667.92,156,1.13,5,0,0
18135,5,349,29,681.9,136.38,11,8.47,5,0,0
16682,5,1040,4,1028,205.6,15,6.31,5,0,0
13901,5,1739,72,2867.2,573.43999999999994,144,1.66,5,0,0
14005,5,2478,9,2874.7,574.93999999999994,53,2.48,5,0,0
17554,5,1763,1,1952.4,390.48,58,1.69,5,0,0
17522,5,1022,1,1066.1,213.21999999999997,58,3.06,5,0,0
14116,5,707,19,1382.7,276.54,61,1.44,5,0,0
14553,5,493,19,859.3,171.85999999999999,103,2.86,5,0,0
16877,6,458,12,846.6,141.1,111,1.26,6,0,0
12627,6,2730,10,4082.5,680.41666666666663,161,0.58,6,0,0
12778,6,817,19,693.2,115.53333333333335,39,6.81,6,0,0
12685,6,1507,28,2575.1,429.18333333333334,116,0.43,6,0,0
17386,6,1902,7,2686.4,447.73333333333335,23,5.85,6,0,0
12868,6,928,185,1607.1,267.84999999999997,72,1.77,6,0,0
16500,6,123,4,400.9,66.816666666666663,8,32.6,6,0,0
18139,6,5557,17,8438.3,1406.3833333333332,35,0.01,6,0,0
16899,6,520,7,1271.1,211.85,80,2.89,6,0,0
14307,6,2058,88,2995.7,499.2833333333333,150,1.59,6,0,0
13138,6,473,22,962.4,160.4,31,5.65,6,0,0
13654,6,2182,43,2707.3,451.2166666666667,157,1.39,6,0,0
12684,6,1973,7,2073.6,345.59999999999997,59,2.12,6,0,0
16655,6,2363,17,3789.5,631.58333333333337,208,1.22,6,0,0
14422,6,2906,0,4263.6,710.6,189,1.21,6,0,0
14515,6,1110,17,2076.9,346.15000000000003,68,2.07,6,0,0
18236,6,403,29,882.2,147.03333333333333,42,4.4,6,0,0
12830,6,9848,37,6814.6,1135.7666666666667,13,3.62,6,0,0
16989,6,1233,7,1133.3,188.88333333333333,7,13,6,0,0
16131,6,1802,51,3506.5,584.41666666666663,55,2.44,6,0,0
17160,6,2854,31,3488,581.33333333333337,110,0.93,6,0,0
14503,6,2004,3,3543.3,590.55000000000007,113,1.07,6,0,0
14741,6,841,11,1400.3,233.38333333333333,35,6.22,6,0,0
17050,6,1595,96,3185.6,530.93333333333328,169,0.66,6,0,0
14078,6,310,101,1049.4,174.9,46,4.25,6,0,0
13949,6,2474,2,2427.3,404.55,124,0.58,6,0,0
16681,6,1407,72,1770.3,295.05,18,4.21,6,0,0
18122,6,1215,8,1791.8,298.63333333333333,238,0.4,6,0,0
13104,6,504,3,1098.5,183.08333333333334,14,18.47,6,0,0
18037,6,20,154,70,11.666666666666666,19,11.56,6,0,0
16915,6,132,9,621.7,103.61666666666667,46,4.89,6,0,0
17676,6,922,4,1371.2,228.53333333333333,49,4.76,6,0,0
16027,6,1147,91,934.6,155.76666666666668,11,14.07,6,0,0
17203,6,2846,35,3560.1,593.35,116,0.17,6,0,0
16059,6,641,65,1453.2,242.20000000000002,126,1.71,6,0,0
14434,6,368,21,1372.8,228.79999999999998,3,4.64,6,0,0
17723,6,792,127,3276.4,546.06666666666672,4,9.67,6,0,0
12676,6,664,24,1091.4,181.9,32,7.55,6,0,0
17236,6,474,12,916.1,152.68333333333334,88,3.37,6,0,0
16668,6,318,15,306.7,51.116666666666667,9,14.16,6,0,0
17744,6,3412,3,2322.4,387.06666666666666,110,2.63,6,0,0
15203,6,1753,25,1827.8,304.63333333333333,82,2.03,6,0,0
15089,6,1359,10,2420.8,403.4666666666667,139,0.82,6,0,0
13027,6,17280,113,6912,1152,6,9.64,6,0,0
17863,6,2638,59,3160,526.66666666666663,110,2.11,6,0,0
16103,6,558,7,1429.6,238.26666666666665,30,4.81,6,0,0
13752,6,873,124,1145.4,190.9,63,1.67,6,0,0
14289,6,292,8,911.3,151.88333333333333,33,6.11,6,0,0
12828,6,494,2,1018.7,169.78333333333333,46,2.33,6,0,0
16497,6,1396,49,2965.7,494.2833333333333,128,2.1,6,0,0
14432,6,2013,9,2248.5,374.75,256,0.21,6,0,0
12643,6,1788,128,3041.6,506.93333333333334,10,12,6,0,0
18179,6,1360,9,1793.2,298.86666666666667,86,3.67,6,0,0
14841,6,1778,53,3295.8,549.30000000000007,103,2.23,6,0,0
14419,6,483,10,1051.8,175.29999999999998,112,1.76,6,0,0
14595,6,978,19,1740.6,290.09999999999997,94,2.91,6,0,0
18210,6,1398,1,2621.4,436.90000000000003,109,2,6,0,0
14312,6,1012,46,1611.6,268.59999999999997,74,3.38,6,0,0
14723,6,671,10,1120.7,186.78333333333333,192,1.4,6,0,0
14101,6,6942,73,5976.8,996.13333333333333,15,7.44,6,0,0
13782,6,369,12,908.9,151.48333333333332,96,2.81,6,0,0
13509,6,1105,8,964.7,160.78333333333333,26,6.57,6,0,0
14482,6,1627,18,2022.8,337.13333333333333,110,1.63,6,0,0
16327,6,2524,14,3789.7,631.61666666666667,141,1.13,6,0,0
15508,6,440,189,1000.3,166.71666666666667,78,0.51,6,0,0
13994,6,932,3,2274.1,379.01666666666665,122,0.99,6,0,0
13450,6,1982,26,2043.7,340.61666666666667,32,2.74,6,0,0
17086,6,1858,7,2035.1,339.18333333333334,75,0.6,6,0,0
12388,6,1462,15,2780.7,463.45,57,3.14,6,0,0
14530,6,1395,25,2862.1,477.01666666666665,140,1.28,6,0,0
14852,6,1747,58,2836.7,472.7833333333333,96,1.37,6,0,0
18180,6,1721,4,1843.8,307.3,108,1.17,6,0,0
17227,6,741,18,939.3,156.54999999999998,28,7.61,6,0,0
16600,6,1145,4,813.5,135.58333333333334,50,5.48,6,0,0
13831,6,743,16,2198.4,366.40000000000003,58,4.97,6,0,0
13728,6,458,36,1016.1,169.35,38,4.42,6,0,0
12347,7,2458,2,4310,615.71428571428567,103,2.02,7,0,0
15572,7,1213,4,2533.4,361.91428571428571,166,1.3,7,0,0
13536,7,2126,1,3444.4,492.05714285714288,91,0.42,7,0,0
16098,7,613,87,2005.6,286.51428571428568,34,4.33,7,0,0
17412,7,738,2,1258.1,179.72857142857143,48,5.69,7,0,0
16987,7,401,3,1616.8,230.97142857142856,74,1.59,7,0,0
15987,7,1533,12,1432.8,204.68571428571428,110,2.8,7,0,0
15727,7,3063,16,5159.1,737.01428571428573,213,1.14,7,0,0
16477,7,1415,63,2494.5,356.35714285714283,111,2.12,7,0,0
17937,7,1754,8,4301.2,614.4571428571428,19,8.43,7,0,0
12433,7,11071,0,13375.9,1910.8428571428572,219,0.89,7,0,0
12599,7,948,29,888.6,126.94285714285715,31,5.09,7,0,0
16455,7,988,63,1841.2,263.02857142857141,69,3.14,7,0,0
16466,7,785,33,1596,228,103,1.79,7,0,0
13758,7,1844,11,3190.6,455.8,104,3.12,7,0,0
17596,7,4376,23,2806.7,400.95714285714286,168,1.31,7,0,0
13232,7,771,12,1327.8,189.68571428571428,146,1.15,7,0,0
14178,7,1492,8,1580.3,225.75714285714284,190,0.55,7,0,0
13538,7,175,43,1280.8,182.97142857142856,10,11.33,7,0,0
16929,7,929,3,1295.4,185.05714285714288,51,2,7,0,0
15453,7,837,1,1371.8,195.97142857142856,169,0.67,7,0,0
16556,7,1890,66,3313.8,473.40000000000003,144,1.43,7,0,0
17686,7,2478,7,5739.5,819.92857142857144,205,1.04,7,0,0
16107,7,1176,17,3204.2,457.74285714285713,16,5.53,7,0,0
14466,7,1006,29,2272.4,324.62857142857143,35,4.83,7,0,0
16531,7,915,22,1244.6,177.79999999999998,68,4.45,7,0,0
13340,7,5770,45,10736.5,1533.7857142857142,128,1.74,7,0,0
14653,7,944,1,1916.7,273.81428571428575,153,1.45,7,0,0
17287,7,556,26,1049.1,149.87142857142857,88,2.86,7,0,0
15105,7,1211,18,2298.9,328.41428571428571,90,1.16,7,0,0
12562,7,1757,8,3385.7,483.67142857142852,98,1.19,7,0,0
17133,7,2730,15,4892.2,698.88571428571424,13,9.65,7,0,0
13804,7,1462,30,2588.4,369.7714285714286,124,1.93,7,0,0
16744,7,798,11,1291.9,184.55714285714288,198,0.69,7,0,0
17669,7,1916,42,3406.7,486.67142857142852,45,3.09,7,0,0
14004,7,2668,43,4582.6,654.657142857143,102,1.44,7,0,0
17135,7,1224,16,1139.7,162.81428571428572,34,6.96,7,0,0
17191,7,1166,28,2093.7,299.09999999999997,163,1.45,7,0,0
14704,7,1035,19,1461.6,208.79999999999998,286,0.41,7,0,0
17396,7,2004,39,7312.8,1044.6857142857143,23,13.28,7,0,0
12726,7,3132,28,2411.1,344.44285714285712,56,2.84,7,0,0
17288,7,1201,9,1417.6,202.51428571428571,118,2.51,7,0,0
13953,7,2724,7,3515.7,502.24285714285713,8,18.16,7,0,0
18094,7,2518,81,3017.3,431.04285714285714,39,3.04,7,0,0
16266,7,398,73,861.9,123.12857142857142,44,2.22,7,0,0
16434,7,760,29,1511.8,215.97142857142856,88,2.55,7,0,0
12766,7,3627,3,6457.6,922.51428571428573,204,1.19,7,0,0
13437,7,1283,14,3408.1,486.87142857142857,143,1.06,7,0,0
16348,7,799,32,1413.3,201.9,156,0.95,7,0,0
14408,7,1610,10,2599,371.28571428571428,60,2.42,7,0,0
13685,7,5056,2,3119.4,445.62857142857143,29,1.53,7,0,0
17685,7,1907,16,3155.8,450.82857142857148,88,2.83,7,0,0
16880,7,746,30,1491.4,213.05714285714288,121,0.92,7,0,0
12704,8,991,7,1740.8,217.6,63,2.03,8,0,0
14472,8,1135,103,1852.7,231.5875,153,0.95,8,0,0
16910,8,884,4,1509,188.625,318,0.16,8,0,0
14364,8,1967,108,3717.3,464.6625,61,1.51,8,0,0
15860,8,437,40,965.2,120.65,105,2.38,8,0,0
12910,8,1692,23,3075,384.375,48,2.95,8,0,0
16115,8,994,9,1660.9,207.6125,169,1.02,8,0,0
17758,8,2054,19,3408.2,426.025,310,0.57,8,0,0
18116,8,819,67,1399.5,174.9375,229,0.8,8,0,0
13117,8,945,21,984.9,123.1125,66,4.68,8,0,0
14730,8,1078,1,1897.6,237.2,317,0.6,8,0,0
12464,8,95,10,957,119.625,5,14.24,8,0,0
14344,8,477,127,889.9,111.2375,56,3.44,8,0,0
15410,8,1200,84,3450.8,431.35,48,1.46,8,0,0
13137,8,2204,10,3603.3,450.4125,345,0.43,8,0,0
17894,8,402,71,1118.5,139.8125,126,1.55,8,0,0
15981,8,1866,24,3408.5,426.0625,53,2.99,8,0,0
14030,8,1478,18,2358.8,294.85,210,1.44,8,0,0
14541,8,641,58,1453.3,181.6625,71,2.51,8,0,0
15134,8,887,14,1388,173.5,44,3.14,8,0,0
15214,8,1254,1,1661.4,207.675,109,2.21,8,0,0
12939,8,4876,64,11581.8,1447.725,21,5.87,8,0,0
17372,8,747,40,1337.2,167.15,215,1.29,8,0,0
17228,8,1532,15,1906.1,238.2625,140,1.72,8,0,0
15910,8,1013,0,1228.9,153.6125,215,1.19,8,0,0
12524,8,3669,9,3945.7,493.2125,112,2.4,8,0,0
12963,8,881,8,1856.6,232.075,75,3.8,8,0,0
14262,8,1645,8,2618.2,327.275,87,1.63,8,0,0
17365,8,4737,12,4762.3,595.2875,277,0.69,8,0,0
17940,9,9322,49,2152.2,239.13333333333333,5,15.81,9,0,0
14083,9,705,4,1002.9,111.43333333333334,162,2.09,9,0,0
18008,9,1581,70,2116.2,235.13333333333333,24,8.55,9,0,0
14524,9,669,31,1843.8,204.86666666666667,161,1.68,9,0,0
12664,9,1188,8,4391.9,487.98888888888882,9,11.63,9,0,0
17634,9,838,36,2358.6,262.06666666666666,209,1.02,9,0,0
17750,9,3696,5,1694.2,188.24444444444444,100,0.88,9,0,0
17848,9,398,81,901.2,100.13333333333334,41,5.54,9,0,0
13842,9,1768,58,3385.6,376.17777777777775,155,1.5,9,0,0
17800,9,731,37,1186.2,131.8,50,2.94,9,0,0
14878,9,799,12,1476.1,164.01111111111109,62,2.86,9,0,0
16365,9,504,17,1540.4,171.15555555555557,45,7,9,0,0
13911,9,2731,57,2580.9,286.76666666666665,120,1.71,9,0,0
16954,9,1054,0,2085.1,231.67777777777778,40,6.77,9,0,0
12594,9,1772,37,3208.2,356.46666666666664,49,2.52,9,0,0
17293,9,1135,8,1854.1,206.01111111111109,93,2.69,9,0,0
13183,9,2208,7,3957.8,439.75555555555559,51,3.52,9,0,0
12600,10,758,28,2311,231.1,31,6.47,10,0,0
18061,10,955,21,2119.4,211.94,18,7.67,10,0,0
13305,10,1232,4,2000.9,200.09,50,4.6,10,0,0
15356,10,1643,31,2718,271.8,215,0.68,10,0,0
15024,10,902,9,1636.4,163.64000000000001,105,2.37,10,0,0
13700,10,2281,26,2248.6,224.85999999999999,139,1.56,10,0,0
12490,10,3033,5,4859.9,485.98999999999995,130,1.38,10,0,0
16549,10,2294,10,4034.9,403.49,445,0.35,10,0,0
16407,10,1093,12,2079.7,207.96999999999997,99,1.8,10,0,0
16710,10,1823,19,2468,246.8,268,0.89,10,0,0
15581,10,280,156,717.4,71.74,133,1.48,10,0,0
16813,10,1501,8,1652.2,165.22,248,0.46,10,0,0
17530,10,1511,1,2362.5,236.25,305,0.94,10,0,0
15114,10,3096,30,2760.6,276.06,136,1.38,10,0,0
17218,10,955,4,1952,195.2,146,1.35,10,0,0
13491,10,903,51,1215.8,121.58,73,3.78,10,0,0
16426,10,1215,2,1863.8,186.38,211,0.78,10,0,0
12747,11,1275,2,4196,381.45454545454544,42,3.6,11,0,0
13178,11,3570,26,5725.5,520.5,95,1.27,11,0,0
16775,11,439,10,1691.5,153.77272727272728,84,2.29,11,0,0
15058,11,1054,25,2102.5,191.13636363636363,199,1.08,11,0,0
13629,11,4372,23,7792.4,708.4,28,5.43,11,0,0
15129,11,1794,50,3447.4,313.40000000000003,54,2.9,11,0,0
17001,11,2164,0,3989.6,362.69090909090909,75,2.13,11,0,0
16767,11,4423,30,5575.6,506.87272727272733,148,1.3,11,0,0
15218,11,3329,10,5756.9,523.35454545454547,77,1.87,11,0,0
16919,11,1403,156,2592.2,235.65454545454543,141,0.65,11,0,0
14810,11,1015,40,2085.3,189.57272727272729,106,1.3,11,0,0
18077,11,1839,8,2584.4,234.94545454545457,101,1.61,11,0,0
13784,11,2493,9,2462.8,223.8909090909091,9,10.77,11,0,0
16712,11,1727,9,3603.7,327.60909090909087,258,0.61,11,0,0
15854,12,926,4,2969.1,247.42499999999998,105,2.61,12,0,0
15235,12,1324,217,2247.5,187.29166666666666,132,1.1,12,0,0
12877,12,1178,3,1535.8,127.98333333333333,100,2.32,12,0,0
14062,12,5593,9,10464.9,872.07499999999993,60,3.23,12,0,0
14825,12,989,3,2221,185.08333333333334,82,3.07,12,0,0
17402,12,700,4,2598.8,216.56666666666669,32,6.4,12,0,0
15971,12,1716,17,4194.9,349.575,9,8.91,12,0,0
18144,12,1343,7,2888.8,240.73333333333335,27,8.71,12,0,0
17858,12,2694,5,5140.7,428.39166666666665,101,1.86,12,0,0
13571,12,1757,12,2088.9,174.07500000000002,157,0.71,12,0,0
13880,13,1842,21,3219.8,247.67692307692309,125,2.11,13,0,0
16241,13,1443,9,2590.3,199.25384615384615,347,0.55,13,0,0
17790,14,835,26,1964.3,140.30714285714285,121,1.8,14,0,0
17220,14,1897,24,3187.6,227.68571428571428,303,0.73,14,0,0
17965,14,1532,37,2599.2,185.65714285714284,274,1.02,14,0,0
15547,14,3999,7,4910.6,350.75714285714287,441,0.51,14,0,0
14282,15,2656,3,3701.4,246.76000000000002,70,2.38,15,0,0
13695,15,1599,31,2444.1,162.94,45,2.68,15,0,0
16904,15,1973,4,3634.9,242.32666666666668,385,0.55,15,0,0
14135,15,3850,1,4690.3,312.68666666666667,95,2.79,15,0,0
16011,16,2035,8,3353,209.5625,99,1.71,16,0,0
18283,16,1355,3,2039.6,127.475,262,0.47,16,0,0
14096,17,16336,4,53258.4,3132.8470588235296,1118,0.02,17,0,0
17238,17,1807,2,3719.1,218.7705882352941,297,0.67,17,0,0
16210,17,7558,1,21076.3,1239.7823529411764,73,3.07,17,0,0
17920,17,2471,4,4107.6,241.62352941176474,406,0.56,17,0,0
16458,18,2154,2,3482.7,193.48333333333332,52,1.78,18,0,0
16945,19,2725,21,4345.5,228.71052631578948,137,1.36,19,0,0
17735,19,8439,2,13110,690,319,0.53,19,0,0
18229,20,2488,11,7276.9,363.84499999999997,66,2.22,20,0,0
16931,21,3134,5,4554.9,216.89999999999998,448,0.41,21,0,0
16333,22,32184,7,26626.8,1210.3090909090909,9,6.86,22,0,0
16353,23,2006,3,6675.7,290.24782608695654,51,3.94,23,0,0
12682,31,5485,3,11019.8,355.47741935483867,208,0.74,31,0,0
13263,34,4761,1,7411.7,217.99117647058824,448,0.2,34,0,0
17961,39,560,21,1296.4,33.241025641025644,211,1.42,39,0,0
18102,60,64124,0,259657.3,4327.6216666666669,150,0.85,60,0,0
12605,1,-4,365,-7.5,-7.5,3,0,1,1,1
13958,1,-23,372,-102.5,-102.5,5,0,1,1,1
14119,1,-2,354,-19.9,-19.9,1,0,1,1,1
16138,1,-1,368,-8,-8,1,0,1,1,1
16995,1,-1,372,-1.3,-1.3,1,0,1,1,1
17547,1,-4,372,-11.8,-11.8,2,0,1,1,1
13829,1,-12,359,-102,-102,1,0,1,1,1
14679,1,-1,371,-2.5,-2.5,1,0,1,1,1
12666,1,-56,359,-227.4,-227.4,2,0,1,1,1
16579,1,-12,365,-30.6,-30.6,1,0,1,1,1
14213,1,-244,371,-1192.2,-1192.2,5,0,1,1,1
15638,1,-52,301,-94,-94,2,0,1,1,1
18141,1,-12,360,-35.4,-35.4,1,0,1,1,1
12870,1,-2,366,-14.9,-14.9,2,0,1,1,1
16252,1,-158,366,-295.1,-295.1,21,0,1,1,1
16742,1,-190,46,-464.9,-464.9,3,0,1,1,1
16262,1,-5,360,-31.6,-31.6,3,0,1,1,1
14627,1,-5,311,-21.9,-21.9,5,0,1,1,1
17307,1,-144,365,-152.6,-152.6,1,0,1,1,1
12943,1,-1,301,-3.8,-3.8,1,0,1,1,1
16428,1,-1,81,-3,-3,1,0,1,1,1
18256,1,-70,354,-50.1,-50.1,4,0,1,1,1
15823,1,-282,337,-811.9,-811.9,15,0,1,1,1
15728,1,-34,49,-134.8,-134.8,4,0,1,1,1
16061,1,-1,269,-29.9,-29.9,1,0,1,1,1
18084,2,311,16,87.5,43.75,2,285,2,1,0.5
15888,2,51,79,135.6,67.8,10,0.09,2,1,0.5
15109,2,127,240,463.8,231.9,28,0.17,2,1,0.5
16116,2,246,205,592.9,296.45,34,0.18,2,1,0.5
15830,2,409,29,547.7,273.85,39,0.2,2,1,0.5
15345,2,78,35,367.7,183.85,20,0.45,2,1,0.5
13359,2,158,59,381.3,190.65,22,0.18,2,1,0.5
14497,2,233,301,457.5,228.75,29,0.27,2,1,0.5
18176,2,279,353,448.6,224.3,30,0.16,2,1,0.5
18009,2,123,235,242.3,121.15,31,0,2,1,0.5
13121,2,227,269,254.7,127.35,50,0,2,1,0.5
14764,2,175,43,250.6,125.3,6,0.5,2,1,0.5
16598,2,70,277,140.7,70.35,10,0.8,2,1,0.5
17053,2,121,128,496.4,248.2,13,0.15,2,1,0.5
16211,2,153,81,542.8,271.4,23,0.3,2,1,0.5
12982,2,278,239,377.2,188.6,28,0.09,2,1,0.5
13279,2,70,64,126.3,63.15,9,1.4,2,1,0.5
15147,2,363,218,608.6,304.3,28,0.79,2,1,0.5
12929,2,36,122,105.1,52.55,8,23.63,2,1,0.5
16956,2,112,9,292.3,146.15,16,0.47,2,1,0.5
14950,2,135,8,361.2,180.6,19,0.58,2,1,0.5
16648,2,269,38,270.9,135.45,19,0.2,2,1,0.5
13936,2,324,171,361.3,180.65,26,0.31,2,1,0.5
17904,2,58,21,168.3,84.15,33,0,2,1,0.5
14793,2,88,4,214.1,107.05,14,1.21,2,1,0.5
12809,2,216,168,400.4,200.2,24,0.38,2,1,0.5
15212,2,33,239,88.9,44.45,5,0.33,2,1,0.5
13364,2,0,66,0,0,10,0.26,2,1,0.5
17313,2,1382,17,2288.1,1144.05,24,0.52,2,1,0.5
13462,2,61,183,143.3,71.65,9,7.67,2,1,0.5
13826,2,81,158,179.5,89.75,10,1.8,2,1,0.5
18108,2,82,248,264.6,132.3,17,0.33,2,1,0.5
13345,2,138,276,327.6,163.8,19,0.55,2,1,0.5
18072,2,48,155,12.2,6.1,19,0.91,2,1,0.5
14109,2,56,23,80.2,40.1,9,3.77,2,1,0.5
15120,2,292,129,343.8,171.9,21,0.19,2,1,0.5
14850,2,285,311,278.1,139.05,22,2.67,2,1,0.5
15342,2,276,116,391.8,195.9,24,0.52,2,1,0.5
12346,2,0,325,0,0,1,0,2,1,0.5
18277,2,67,58,97.6,48.8,9,32.5,2,1,0.5
15275,2,497,31,609.2,304.6,41,0.15,2,1,0.5
14488,2,793,51,1047.4,523.7,46,0.33,2,1,0.5
18053,2,301,66,297.1,148.55,20,0.2,2,1,0.5
12995,2,98,77,200.7,100.35,3,2,2,1,0.5
17578,2,90,190,124.7,62.35,5,5.6,2,1,0.5
14295,2,83,40,157.7,78.85,6,58.4,2,1,0.5
13370,2,336,366,721.3,360.65,39,0.12,2,1,0.5
13295,2,81,359,197.9,98.95,11,1.3,2,1,0.5
17747,2,11,100,64.7,32.35,1,12,2,1,0.5
18269,2,70,358,138.9,69.45,7,1.14,2,1,0.5
15135,2,41,233,127.2,63.6,9,0.67,2,1,0.5
14206,2,274,239,308.3,154.15,21,6.05,2,1,0.5
16536,2,249,107,538.2,269.1,49,0.06,2,1,0.5
14087,2,249,2,178.7,89.35,62,0,2,1,0.5
16302,2,134,107,212.8,106.4,11,1.73,2,1,0.5
16256,2,577,257,732.6,366.3,13,0.69,2,1,0.5
18164,2,183,31,394.7,197.35,24,0.25,2,1,0.5
15171,2,190,324,1034.5,517.25,5,1.17,2,1,0.5
13284,2,79,322,196.2,98.1,13,0.62,2,1,0.5
13008,2,115,323,178.5,89.25,15,2.64,2,1,0.5
14474,2,139,43,537.7,268.85,29,0.1,2,1,0.5
15655,2,319,233,511.3,255.65,34,0.28,2,1,0.5
12513,2,453,84,532.8,266.4,34,0.82,2,1,0.5
13832,2,25,17,40.9,20.45,3,0.67,2,1,0.5
14760,2,28,294,53.8,26.9,5,0.5,2,1,0.5
16909,2,434,64,364.1,182.05,18,0.44,2,1,0.5
15880,2,178,369,299,149.5,95,0,2,1,0.5
14350,2,166,270,258.7,129.35,19,0.2,2,1,0.5
15597,2,276,29,315.7,157.85,22,0.27,2,1,0.5
13684,2,37,285,62.1,31.05,29,0,2,1,0.5
12590,2,4278,190,9338.4,4669.2,67,0.31,2,1,0.5
13151,2,361,203,1250.4,625.2,73,1.24,2,1,0.5
12607,2,0,58,0,0,101,0.01,2,1,0.5
12454,2,0,53,0,0,15,0.1,2,1,0.5
15836,2,24,45,117.5,58.75,10,0.45,2,1,0.5
17438,2,100,247,378.3,189.15,17,0.33,2,1,0.5
15154,2,85,74,224.7,112.35,66,0.01,2,1,0.5
16858,2,83,366,345.9,172.95,9,0.17,2,1,0.5
17010,2,116,16,185.5,92.75,11,0.18,2,1,0.5
15363,2,143,241,318.1,159.05,16,8.19,2,1,0.5
17636,2,176,8,265.9,132.95,20,0.48,2,1,0.5
13850,2,941,88,1586.8,793.4,93,0.44,2,1,0.5
13422,2,1321,51,2601.6,1300.8,127,0.1,2,1,0.5
12612,2,249,57,607.6,303.8,18,0.89,2,1,0.5
13343,2,125,172,253.9,126.95,18,0.25,2,1,0.5
13300,2,201,164,365.3,182.65,20,0.24,2,1,0.5
13091,2,450,21,319.8,159.9,21,0.3,2,1,0.5
13745,2,486,151,291.5,145.75,25,0.44,2,1,0.5
15322,2,365,64,603,301.5,42,0.44,2,1,0.5
12652,2,495,322,788.5,394.25,47,0.18,2,1,0.5
16810,2,112,192,275.6,137.8,16,11.2,2,1,0.5
14747,2,82,247,294.3,147.15,18,0.11,2,1,0.5
15091,2,343,53,477,238.5,30,0.47,2,1,0.5
12536,2,2672,7,4151.3,2075.65,259,0.19,2,1,0.5
15221,2,25,366,114.1,57.05,9,0.3,2,1,0.5
14902,2,209,21,314.1,157.05,20,0.17,2,1,0.5
14619,2,145,239,379.5,189.75,20,0.29,2,1,0.5
15609,2,145,182,270,135,16,0.12,2,1,0.5
13338,2,246,154,381.8,190.9,17,0.15,2,1,0.5
13863,2,219,245,299.6,149.8,20,0.1,2,1,0.5
17603,2,73,50,391,195.5,11,2.55,2,1,0.5
15308,2,173,270,302.3,151.15,19,0.2,2,1,0.5
12586,2,77,17,179.9,89.95,12,31.91,2,1,0.5
16073,2,37,291,94.3,47.15,1,6,2,1,0.5
12863,2,186,52,504.2,252.1,5,29.4,2,1,0.5
13615,2,183,312,400,200,23,0.26,2,1,0.5
14420,2,333,85,385.9,192.95,29,0.48,2,1,0.5
14048,2,274,277,375.1,187.55,84,0.32,2,1,0.5
14311,2,125,225,229.7,114.85,20,0.65,2,1,0.5
14792,2,0,63,0,0,2,0.33,2,1,0.5
16619,2,129,253,204.4,102.2,14,0.67,2,1,0.5
14000,2,707,206,633.7,316.85,15,0.33,2,1,0.5
14288,2,187,212,413.9,206.95,16,0.06,2,1,0.5
16781,2,111,365,294.6,147.3,17,0.39,2,1,0.5
15066,2,279,31,760.6,380.3,42,0.42,2,1,0.5
14333,2,52,64,351.4,175.7,15,0.17,2,1,0.5
15664,2,141,50,358.6,179.3,19,17.17,2,1,0.5
15279,2,185,354,277.4,138.7,21,0.55,2,1,0.5
13598,2,51,47,147.3,73.65,33,0,2,1,0.5
14105,2,798,85,1260.3,630.15,74,2.05,2,1,0.5
16739,2,169,172,312.6,156.3,13,0.27,2,1,0.5
14301,2,600,107,632,316,13,0.67,2,1,0.5
12566,2,261,72,292.7,146.35,18,0.78,2,1,0.5
18274,2,0,17,0,0,11,0.62,2,1,0.5
13043,2,251,253,471.6,235.8,13,1.54,2,1,0.5
13352,2,314,7,339.3,169.65,23,2.12,2,1,0.5
16763,2,318,185,594.9,297.45,23,0.57,2,1,0.5
12802,2,300,183,382.6,191.3,24,0.13,2,1,0.5
18268,2,0,134,0,0,1,0,2,1,0.5
15257,2,45,281,232.1,116.05,7,0.29,2,1,0.5
14400,2,450,141,559.7,279.85,25,0.32,2,1,0.5
16108,2,599,84,816.1,408.05,48,0,2,1,0.5
12665,2,35,324,43.8,21.9,2,3.5,2,1,0.5
18194,2,448,64,896,448,7,2.25,2,1,0.5
14431,2,124,298,423.3,211.65,17,0.2,2,1,0.5
18220,2,282,219,297.8,148.9,2,2.33,2,1,0.5
16878,2,0,24,0,0,3,12,2,1,0.5
12852,2,145,290,299.8,149.9,17,0.21,2,1,0.5
13271,2,168,37,172.4,86.2,79,0,2,1,0.5
15729,2,24,198,62,31,5,2.8,2,1,0.5
12565,2,75,281,131.2,65.6,9,0.78,2,1,0.5
14483,2,95,149,129.2,64.6,10,14.67,2,1,0.5
14557,2,0,64,0,0,16,0.68,2,1,0.5
12544,2,130,29,299.7,149.85,18,0.39,2,1,0.5
13116,2,290,117,485.2,242.6,30,0.7,2,1,0.5
17649,2,398,134,861.7,430.85,52,0.08,2,1,0.5
13519,2,22,50,110.8,55.4,8,3.5,2,1,0.5
17866,2,173,142,325.7,162.85,9,0,2,1,0.5
16611,2,46,186,121,60.5,10,4.7,2,1,0.5
13375,2,441,81,772.9,386.45,37,0.19,2,1,0.5
13166,2,214,282,414.7,207.35,39,0.02,2,1,0.5
17746,2,26,234,98.8,49.4,6,0.86,2,1,0.5
14860,2,230,8,168.6,84.3,11,1,2,1,0.5
14304,2,54,222,197.1,98.55,25,3.04,2,1,0.5
12579,2,276,73,374.7,187.35,28,0.18,2,1,0.5
17037,2,652,78,1253.2,626.6,75,0.12,2,1,0.5
16424,2,82,191,82.6,41.3,6,29.2,2,1,0.5
13762,2,0,204,0,0,7,1.08,2,1,0.5
16581,2,122,155,70.4,35.2,9,2.7,2,1,0.5
12703,2,160,64,256.7,128.35,20,0.35,2,1,0.5
12501,2,1714,315,1945.7,972.85,148,0.13,2,1,0.5
13106,2,14,128,59.5,29.75,1,5,2,1,0.5
16227,2,88,219,308.3,154.15,6,1,2,1,0.5
12785,2,126,2,249.7,124.85,13,27.85,2,1,0.5
16292,2,188,117,280.9,140.45,17,0.22,2,1,0.5
16602,2,317,31,494.7,247.35,29,0.16,2,1,0.5
14326,2,99,234,166.8,83.4,8,1,2,1,0.5
13369,2,126,354,213.7,106.85,13,0.65,2,1,0.5
17480,2,336,73,506.5,253.25,29,0.13,2,1,0.5
16403,2,103,302,161,80.5,10,0.71,2,1,0.5
17239,2,149,312,379.9,189.95,15,2.67,2,1,0.5
13853,2,304,8,1056.9,528.45,23,2.13,2,1,0.5
18110,2,65,19,168.6,84.3,33,0,2,1,0.5
16124,2,41,316,187.2,93.6,11,0.07,2,1,0.5
12818,2,914,178,1157.9,578.95,13,5.93,2,1,0.5
14073,2,128,21,139.5,69.75,13,0.85,2,1,0.5
13466,2,258,100,298,149,17,4.94,2,1,0.5
17506,2,136,70,294.3,147.15,14,0.33,2,1,0.5
18250,2,198,301,342.9,171.45,21,0.43,2,1,0.5
13501,2,557,242,1310.5,655.25,52,0.88,2,1,0.5
12558,2,0,1,0,0,11,0.29,2,1,0.5
15922,2,136,372,363.6,181.8,11,0.09,2,1,0.5
17094,2,148,318,270.2,135.1,14,0.29,2,1,0.5
15746,2,130,134,183,91.5,28,0,2,1,0.5
17727,2,639,9,1042.5,521.25,66,0.09,2,1,0.5
13929,3,139,169,802.9,267.63333333333333,8,17.44,3,1,0.33
15101,3,239,8,310,103.33333333333333,8,43.88,3,1,0.33
13085,3,108,157,272.4,90.8,17,4.93,3,1,0.33
12493,3,203,165,362.8,120.93333333333334,18,1.6,3,1,0.33
15713,3,149,143,346.7,115.56666666666666,18,11.74,3,1,0.33
13035,3,627,57,886.6,295.53333333333336,23,7,3,1,0.33
14643,3,755,170,668.6,222.86666666666667,30,5.7,3,1,0.33
14195,3,702,201,962.7,320.90000000000003,7,7.29,3,1,0.33
15287,3,432,22,485.2,161.73333333333332,17,2.4,3,1,0.33
18024,3,148,152,236.8,78.933333333333337,21,0,3,1,0.33
12406,3,1809,22,3280.8,1093.6000000000001,92,1.5,3,1,0.33
14147,3,96,49,468.4,156.13333333333333,4,47.2,3,1,0.33
18189,3,564,77,1084.3,361.43333333333334,65,2.79,3,1,0.33
16653,3,723,16,1166.9,388.9666666666667,67,0.73,3,1,0.33
16163,3,92,225,441.6,147.20000000000002,5,23.33,3,1,0.33
15224,3,150,358,310.5,103.5,13,0.27,3,1,0.33
17190,3,160,58,249.7,83.233333333333334,19,7.84,3,1,0.33
16584,3,635,80,908,302.66666666666669,25,5.8,3,1,0.33
13066,3,320,24,430.9,143.63333333333333,48,0.17,3,1,0.33
15763,3,268,31,1048.7,349.56666666666666,58,0.74,3,1,0.33
16239,3,218,56,372.9,124.3,18,6.65,3,1,0.33
15239,3,591,10,764.3,254.76666666666665,48,1.33,3,1,0.33
16446,3,2,0,2.9,0.96666666666666667,3,68.33,3,1,0.33
16689,3,312,75,355.1,118.36666666666667,12,0.5,3,1,0.33
13954,3,141,1,378.6,126.2,24,2.38,3,1,0.33
12384,3,117,28,406.2,135.4,25,3.44,3,1,0.33
12987,3,217,73,545,181.66666666666666,27,4.28,3,1,0.33
17584,3,446,7,1227.3,409.09999999999997,30,3.43,3,1,0.33
12465,3,471,7,673.9,224.63333333333333,45,3.38,3,1,0.33
16560,3,494,21,816.5,272.16666666666669,52,6.02,3,1,0.33
14869,3,548,3,717.7,239.23333333333335,66,1.43,3,1,0.33
15146,3,1459,164,1313.7,437.90000000000003,90,1.35,3,1,0.33
16376,3,686,8,965.5,321.83333333333331,104,0.07,3,1,0.33
16080,3,104,81,176.6,58.866666666666667,10,19.3,3,1,0.33
15497,3,622,17,1259.7,419.90000000000003,13,20.13,3,1,0.33
12410,3,205,301,521.1,173.70000000000002,25,0.27,3,1,0.33
12985,3,1413,0,1215.6,405.2,73,0.36,3,1,0.33
14157,3,260,19,392.4,130.79999999999998,45,5.78,3,1,0.33
15088,3,457,21,1140.3,380.09999999999997,53,0.78,3,1,0.33
15104,3,633,166,968.6,322.86666666666667,66,1.71,3,1,0.33
14629,3,374,4,935.5,311.83333333333331,133,0.29,3,1,0.33
14853,3,81,8,463,154.33333333333334,8,22.56,3,1,0.33
13791,3,828,43,1047.7,349.23333333333335,7,7.81,3,1,0.33
14108,3,380,30,594.2,198.06666666666669,33,2.09,3,1,0.33
15315,3,838,64,551.5,183.83333333333334,35,1.41,3,1,0.33
16309,3,465,91,686.7,228.9,39,3.47,3,1,0.33
18030,3,66,4,220.7,73.566666666666663,8,4.22,3,1,0.33
18282,3,98,7,176.6,58.866666666666667,12,9.92,3,1,0.33
18190,3,139,192,274.5,91.5,14,9.2,3,1,0.33
16690,3,137,43,208.6,69.533333333333331,10,13.17,3,1,0.33
12865,3,877,26,1548.1,516.0333333333333,87,3.51,3,1,0.33
15223,3,98,225,454.9,151.63333333333333,14,0.77,3,1,0.33
12559,3,279,310,500.2,166.73333333333332,20,0.45,3,1,0.33
13388,3,281,121,627.1,209.03333333333333,35,0.29,3,1,0.33
13005,3,167,173,469,156.33333333333334,21,2.61,3,1,0.33
15433,3,399,79,417.9,139.29999999999998,40,3.62,3,1,0.33
12625,3,1563,211,2362.3,787.43333333333339,73,1.24,3,1,0.33
17119,3,326,3,578.6,192.86666666666667,34,1.56,3,1,0.33
13497,3,159,282,321.1,107.03333333333335,19,4.53,3,1,0.33
14934,3,1041,72,1888.8,629.6,68,2.41,3,1,0.33
17334,3,314,301,306.6,102.2,11,0.64,3,1,0.33
17658,3,522,10,485.9,161.96666666666667,17,9.14,3,1,0.33
13028,3,796,22,659.7,219.9,40,0.5,3,1,0.33
14412,3,784,35,761.3,253.76666666666665,43,0.84,3,1,0.33
12755,3,867,249,2220.7,740.23333333333323,4,29,3,1,0.33
13479,3,133,198,291,97,14,2.4,3,1,0.33
13032,3,367,38,996.5,332.16666666666669,55,0.66,3,1,0.33
14768,3,34,17,139.5,46.5,4,22,3,1,0.33
15985,3,836,123,1037.4,345.8,29,3.05,3,1,0.33
14256,3,410,254,935.1,311.7,51,2.08,3,1,0.33
15339,3,414,66,557.6,185.86666666666667,79,2.9,3,1,0.33
16716,3,44,266,319.8,106.60000000000001,1,22.5,3,1,0.33
15213,3,270,318,325.1,108.36666666666667,22,0.46,3,1,0.33
16217,3,77,235,266.5,88.833333333333329,13,2.76,3,1,0.33
14915,3,105,85,258.8,86.266666666666666,12,16,3,1,0.33
16546,3,-303,290,-95.9,-31.966666666666669,31,2.73,3,1,0.33
12560,3,1066,5,1885.4,628.4666666666667,91,1.28,3,1,0.33
13919,3,435,53,314.2,104.73333333333333,23,2.27,3,1,0.33
18158,3,353,9,451.8,150.6,24,2.32,3,1,0.33
13496,3,329,10,617.9,205.96666666666667,28,9.97,3,1,0.33
13914,3,379,3,613.9,204.63333333333333,28,1,3,1,0.33
14009,3,361,198,685.9,228.63333333333333,42,0.16,3,1,0.33
15724,3,72,201,212.3,70.766666666666666,11,7.55,3,1,0.33
17157,3,169,7,306.6,102.2,11,12.07,3,1,0.33
14905,3,274,154,599.9,199.96666666666667,14,4.65,3,1,0.33
13236,3,411,24,727.3,242.43333333333331,34,2.16,3,1,0.33
13350,3,282,16,810.7,270.23333333333335,35,1.57,3,1,0.33
12379,3,401,81,775.3,258.43333333333334,38,2.34,3,1,0.33
12546,3,612,46,1001.5,333.83333333333331,58,0.46,3,1,0.33
14264,3,66,154,319.5,106.5,17,12.11,3,1,0.33
15384,3,593,169,635.8,211.93333333333331,35,4.83,3,1,0.33
13224,3,1509,60,2147.9,715.9666666666667,100,0.85,3,1,0.33
16518,3,325,61,480.9,160.29999999999998,36,5.44,3,1,0.33
12375,3,175,2,375.4,125.13333333333333,13,6.4,3,1,0.33
12886,3,761,67,1351.1,450.36666666666662,75,1.79,3,1,0.33
13473,3,260,60,417.5,139.16666666666666,21,12.95,3,1,0.33
14284,3,157,30,578.5,192.83333333333334,24,1.7,3,1,0.33
14306,3,1073,51,2083.4,694.4666666666667,33,1,3,1,0.33
14205,3,100,16,228.5,76.166666666666671,34,9.43,3,1,0.33
13659,3,867,197,1540.7,513.56666666666672,93,1.16,3,1,0.33
12908,3,600,176,360,120,1,68,3,1,0.33
14857,3,455,59,1165.6,388.5333333333333,58,1.48,3,1,0.33
16714,3,586,317,864.1,288.03333333333336,76,0,3,1,0.33
13255,3,174,3,390.7,130.23333333333332,13,28.46,3,1,0.33
12895,3,204,42,347.3,115.76666666666667,22,1.91,3,1,0.33
12468,3,360,143,652,217.33333333333334,35,4.68,3,1,0.33
16897,3,58,299,213,71,37,0.33,3,1,0.33
17166,3,75,38,189.5,63.166666666666664,11,12.69,3,1,0.33
16498,3,42,161,86.1,28.7,15,0.07,3,1,0.33
12719,3,357,5,536.1,178.70000000000002,33,1.54,3,1,0.33
12572,3,444,8,896.7,298.90000000000003,52,0.73,3,1,0.33
15700,3,328,172,664,221.33333333333334,85,0.01,3,1,0.33
14567,3,410,35,1524.5,508.16666666666669,33,2.88,3,1,0.33
16449,3,359,190,674.7,224.9,40,2.14,3,1,0.33
15429,3,369,26,364.9,121.63333333333333,77,0.6,3,1,0.33
15877,3,243,1,437.8,145.93333333333334,122,0.13,3,1,0.33
17035,3,201,245,388.3,129.43333333333334,27,2.13,3,1,0.33
16140,3,728,52,708.2,236.06666666666669,32,9.11,3,1,0.33
15951,3,306,1,669.6,223.20000000000002,36,6.76,3,1,0.33
15630,3,799,45,1180.4,393.4666666666667,57,2.65,3,1,0.33
14140,3,809,3,920,306.66666666666669,60,0.42,3,1,0.33
16642,3,478,4,679.8,226.6,32,5.97,3,1,0.33
12878,3,536,18,841.6,280.53333333333336,38,5.17,3,1,0.33
13421,3,1102,40,1821.1,607.0333333333333,88,2.48,3,1,0.33
13952,3,1424,211,3246.1,1082.0333333333333,119,0.2,3,1,0.33
17080,3,164,22,285.5,95.166666666666671,8,30.88,3,1,0.33
15045,3,106,151,633.7,211.23333333333335,11,8.83,3,1,0.33
16484,3,193,173,364.4,121.46666666666665,24,0.71,3,1,0.33
13506,3,321,312,452.8,150.93333333333334,26,2.04,3,1,0.33
17462,3,224,51,662.9,220.96666666666667,25,8.63,3,1,0.33
18270,3,98,38,244.9,81.63333333333334,11,20.73,3,1,0.33
16861,3,134,59,156.1,52.033333333333331,7,51.5,3,1,0.33
16048,3,143,85,243.7,81.233333333333334,9,36,3,1,0.33
18228,3,236,50,769.2,256.40000000000003,23,0.94,3,1,0.33
14690,3,160,44,342,114,42,2.1,3,1,0.33
15398,3,767,16,1339.6,446.5333333333333,60,0.85,3,1,0.33
13736,3,492,5,721.9,240.63333333333333,167,1.33,3,1,0.33
14501,3,119,64,190.3,63.433333333333337,9,23.18,3,1,0.33
16134,3,357,21,603.7,201.23333333333335,34,9.14,3,1,0.33
13814,3,862,56,1562.1,520.69999999999993,37,1.42,3,1,0.33
12822,3,548,70,919,306.33333333333331,41,0.37,3,1,0.33
17540,3,193,8,570.4,190.13333333333333,20,12.32,3,1,0.33
16838,3,184,197,582.9,194.29999999999998,24,3.64,3,1,0.33
15840,3,394,58,345.7,115.23333333333333,26,4.22,3,1,0.33
14620,3,188,204,393.3,131.1,26,2.72,3,1,0.33
16212,3,241,19,681.2,227.06666666666669,40,6.29,3,1,0.33
14152,3,699,75,611.1,203.70000000000002,47,3.24,3,1,0.33
13931,3,721,85,1230.9,410.3,56,3.36,3,1,0.33
15791,3,730,43,1604.4,534.80000000000007,66,2.15,3,1,0.33
12829,3,375,322,253.1,84.36666666666666,9,3.45,3,1,0.33
14320,3,239,206,343.1,114.36666666666667,29,3.07,3,1,0.33
13365,3,1238,8,2191.2,730.4,122,1.6,3,1,0.33
16330,4,145,17,242.2,60.55,39,2.38,4,1,0.25
15549,4,681,77,1640.2,410.05,103,2.12,4,1,0.25
16462,4,12,64,102,25.5,1,73,4,1,0.25
14513,4,355,100,438.5,109.625,11,11.06,4,1,0.25
15073,4,277,9,612.4,153.1,31,2.36,4,1,0.25
15782,4,863,9,2593.9,648.475,34,1.86,4,1,0.25
15831,4,1084,58,740.6,185.15,64,4.03,4,1,0.25
16951,4,1306,123,1262.8,315.7,73,2.1,4,1,0.25
12933,4,498,24,606.3,151.575,103,2.44,4,1,0.25
15525,4,383,2,717,179.25,132,2.38,4,1,0.25
13611,4,750,89,1140.8,285.2,67,3.7,4,1,0.25
17951,4,610,39,990.8,247.7,18,16.7,4,1,0.25
14867,4,327,185,701.3,175.325,32,5.08,4,1,0.25
13212,4,308,9,779.3,194.825,128,0.37,4,1,0.25
16015,4,903,3,689.4,172.35,145,0.25,4,1,0.25
15749,4,9014,235,21535.9,5383.975,6,6.93,4,1,0.25
14223,4,583,92,975.2,243.8,50,2.87,4,1,0.25
15969,4,120,2,582.9,145.725,20,9.15,4,1,0.25
17621,4,510,21,1336.1,334.025,25,12.81,4,1,0.25
15589,4,242,252,456.6,114.15,28,2,4,1,0.25
13447,4,577,23,1104.2,276.05,55,0.2,4,1,0.25
16416,4,656,26,1031.4,257.85,59,0.42,4,1,0.25
16356,4,92,197,210.3,52.575,20,2.58,4,1,0.25
15781,4,178,25,333.6,83.4,20,14,4,1,0.25
12628,4,442,4,715.6,178.9,33,1.54,4,1,0.25
17573,4,302,29,362.9,90.725,24,2.56,4,1,0.25
15730,4,683,65,1108.4,277.1,68,1.96,4,1,0.25
18155,4,258,75,347.8,86.95,19,8,4,1,0.25
17041,4,923,26,1055.7,263.925,59,4.84,4,1,0.25
12885,4,654,63,1158.3,289.575,66,0.85,4,1,0.25
16496,4,1091,8,1562.2,390.55,92,3.21,4,1,0.25
14997,4,1102,46,541,135.25,25,5.08,4,1,0.25
17897,4,216,172,516.3,129.075,100,1.86,4,1,0.25
12473,4,2323,53,2545.3,636.325,138,0.83,4,1,0.25
14937,4,483,56,1617.6,404.4,33,2.18,4,1,0.25
16730,4,898,52,702.8,175.7,75,3.22,4,1,0.25
15793,4,552,9,949,237.25,6,21.58,4,1,0.25
14708,4,615,2,1096.7,274.175,25,13.07,4,1,0.25
16488,4,724,33,492.2,123.05,28,3.83,4,1,0.25
16639,4,503,25,1169.4,292.35,48,4.12,4,1,0.25
13308,4,840,22,1367.6,341.9,49,3.23,4,1,0.25
13539,4,314,85,605.8,151.45,36,6.05,4,1,0.25
16759,4,608,7,772.8,193.2,40,0.55,4,1,0.25
15108,4,488,141,1150.8,287.7,49,1.51,4,1,0.25
12577,4,462,35,560.3,140.075,136,2.23,4,1,0.25
17429,4,616,120,512.1,128.025,36,2.39,4,1,0.25
14618,4,259,9,508.6,127.15,10,25.5,4,1,0.25
13692,4,1225,24,1473.4,368.35,48,4,4,1,0.25
16303,4,2621,25,5305.8,1326.45,119,1.86,4,1,0.25
16898,4,379,26,436.7,109.175,151,2.18,4,1,0.25
15297,4,290,10,635,158.75,30,1.32,4,1,0.25
18188,4,1167,15,1998.5,499.625,63,3.87,4,1,0.25
12456,4,1601,44,2553.9,638.475,104,1.68,4,1,0.25
15754,4,197,50,455.7,113.925,24,7,4,1,0.25
12413,4,281,66,676.1,169.025,28,7.53,4,1,0.25
13722,4,1400,120,2369.2,592.3,75,1.91,4,1,0.25
16157,4,344,15,644.2,161.05,12,3.17,4,1,0.25
17159,4,1110,21,1534.7,383.675,96,1.49,4,1,0.25
14287,4,237,8,156.2,39.05,9,21.11,4,1,0.25
17152,4,477,194,1503.5,375.875,9,4.6,4,1,0.25
17034,4,405,16,719.6,179.9,27,9.03,4,1,0.25
15646,4,388,157,425.1,106.275,35,6.14,4,1,0.25
17014,4,238,8,562.7,140.675,63,0.81,4,1,0.25
15321,4,1164,49,2663.5,665.875,83,2.33,4,1,0.25
15181,4,543,66,684.5,171.125,12,18.69,4,1,0.25
13500,4,585,23,1136.8,284.2,60,1.5,4,1,0.25
18059,4,253,9,296.7,74.175,17,3.05,4,1,0.25
18136,4,373,63,761.8,190.45,34,6.74,4,1,0.25
17646,4,320,219,995.7,248.925,46,2.75,4,1,0.25
14460,4,869,110,383.3,95.825,14,12.5,4,1,0.25
18263,4,1467,23,1211.1,302.775,59,3.75,4,1,0.25
17728,4,1465,3,2860.7,715.175,153,0.5,4,1,0.25
13741,4,217,71,666.3,166.575,34,4.29,4,1,0.25
17579,4,256,4,440.2,110.05,46,3.43,4,1,0.25
17375,4,361,190,372.5,93.125,65,2.44,4,1,0.25
14277,4,1614,15,3892.8,973.2,194,0.88,4,1,0.25
14126,4,457,7,628.6,157.15,13,0.21,4,1,0.25
16572,4,530,127,999.7,249.925,40,2.6,4,1,0.25
17002,4,678,73,1487.8,371.95,41,4.43,4,1,0.25
14034,4,312,22,509.1,127.275,82,1.53,4,1,0.25
14740,4,729,191,1423.2,355.8,85,1,4,1,0.25
18204,4,1188,71,1961,490.25,159,0.63,4,1,0.25
12879,4,363,44,552.6,138.15,7,4.27,4,1,0.25
13314,4,487,1,593.5,148.375,55,0.99,4,1,0.25
14019,4,1034,46,1399,349.75,37,1.37,4,1,0.25
17521,4,518,24,722,180.5,38,3.89,4,1,0.25
15801,4,562,46,1042.2,260.55,61,0.93,4,1,0.25
17724,4,289,57,995.6,248.9,38,1.84,4,1,0.25
13939,4,843,23,556.8,139.2,43,6.4,4,1,0.25
12710,4,842,96,1004.6,251.15,74,1.4,4,1,0.25
17736,4,237,9,337.5,84.375,24,4.16,4,1,0.25
14038,4,963,78,1554.5,388.625,64,1.4,4,1,0.25
16279,4,1044,21,1489.9,372.475,104,2.92,4,1,0.25
15018,4,188,38,456.3,114.075,30,10.61,4,1,0.25
16900,4,724,11,869.2,217.3,77,0.67,4,1,0.25
15489,4,593,22,1090,272.5,47,3.5,4,1,0.25
15098,4,61,182,39619.5,9904.875,1,0,4,1,0.25
12507,4,874,134,1006.1,251.525,18,8.63,4,1,0.25
16164,4,432,17,802.5,200.625,27,0.74,4,1,0.25
15467,4,306,9,511.9,127.975,41,2.75,4,1,0.25
15826,4,962,51,1649.4,412.35,64,2.34,4,1,0.25
12381,4,772,4,1433.5,358.375,69,1.35,4,1,0.25
16924,4,454,21,722.6,180.65,69,0.73,4,1,0.25
17289,4,512,31,922.8,230.7,86,1.43,4,1,0.25
16842,4,692,64,1260.4,315.1,45,3.78,4,1,0.25
14535,4,1818,59,2831.7,707.925,280,0.57,4,1,0.25
16520,4,557,186,1036.6,259.15,129,1.15,4,1,0.25
12649,4,571,107,549.7,137.425,29,8.6,4,1,0.25
13055,4,891,64,1202,300.5,74,1.94,4,1,0.25
16038,4,241,7,454.3,113.575,24,7.19,4,1,0.25
15289,4,996,29,935.1,233.775,43,3.79,4,1,0.25
13846,4,383,24,847.6,211.9,56,5.89,4,1,0.25
17802,4,743,82,1251.8,312.95,105,1.99,4,1,0.25
16014,4,253,35,622.6,155.65,122,1.84,4,1,0.25
13131,4,443,23,1039.3,259.825,30,3.64,4,1,0.25
17950,4,342,72,472.1,118.025,63,4.13,4,1,0.25
15113,4,2319,9,3339.1,834.775,76,0.47,4,1,0.25
16473,4,195,164,314.9,78.725,18,9.56,4,1,0.25
13873,4,138,119,381.7,95.425,21,8.26,4,1,0.25
17411,4,298,12,748.9,187.225,41,8.4,4,1,0.25
18130,4,817,8,1045.7,261.425,58,0.7,4,1,0.25
12657,5,646,11,1008.1,201.62,34,1.31,5,1,0.2
15136,5,775,2,1282.5,256.5,61,1.38,5,1,0.2
16379,5,1408,4,2131.9,426.38,87,0.69,5,1,0.2
15882,5,254,198,493.1,98.62,22,7.73,5,1,0.2
13680,5,1265,1,2199,439.8,164,1.58,5,1,0.2
13362,5,1379,3,3085.5,617.1,128,1.69,5,1,0.2
12530,5,891,59,1461.6,292.32,50,4.4,5,1,0.2
16801,5,307,163,842.3,168.45999999999998,72,0.92,5,1,0.2
16235,5,327,40,848.4,169.68,41,6.35,5,1,0.2
15048,5,180,65,377.5,75.5,86,3.22,5,1,0.2
14837,5,1430,89,1641.2,328.24,96,1.03,5,1,0.2
16676,5,631,33,1558.7,311.74,75,3.34,5,1,0.2
13145,5,142,39,614.8,122.96,5,55.5,5,1,0.2
16955,5,246,184,493.7,98.74,18,7.56,5,1,0.2
14859,5,669,12,1352,270.4,47,3.31,5,1,0.2
17731,5,392,79,878.2,175.64000000000001,54,1.27,5,1,0.2
18232,5,299,81,582.5,116.5,31,2.97,5,1,0.2
17552,5,709,60,913.9,182.78,44,6.37,5,1,0.2
15561,5,256,11,722.7,144.54000000000002,27,6.8,5,1,0.2
16389,5,1229,53,1347.3,269.46,32,6.97,5,1,0.2
14297,5,862,17,1290.5,258.1,48,4.15,5,1,0.2
12645,5,1064,33,1611.4,322.28000000000003,57,4.1,5,1,0.2
17692,5,618,127,718.1,143.62,33,5.16,5,1,0.2
14584,5,377,169,1020.1,204.02,68,0.3,5,1,0.2
16774,5,318,67,654.9,130.98,36,2.31,5,1,0.2
17062,5,404,313,524.4,104.88,52,0.82,5,1,0.2
16654,5,280,141,595,119,29,7.57,5,1,0.2
17653,5,1400,29,1160.9,232.18,43,1.9,5,1,0.2
12597,5,2165,19,3067.1,613.42,183,1.19,5,1,0.2
14111,5,456,14,673.6,134.72,9,25.22,5,1,0.2
16232,5,547,32,983.2,196.64000000000001,24,4.95,5,1,0.2
12916,5,1075,138,2921.2,584.24,53,1.75,5,1,0.2
13895,5,1364,21,2588.1,517.62,97,1.21,5,1,0.2
13908,5,1469,79,2297,459.4,103,1.59,5,1,0.2
14233,5,671,43,1447.5,289.5,30,7.83,5,1,0.2
16444,5,406,46,645.7,129.14000000000001,69,2.6,5,1,0.2
12380,5,1109,21,2423.6,484.71999999999997,76,1.64,5,1,0.2
16470,5,521,51,747.8,149.56,120,1.87,5,1,0.2
13813,5,539,39,1155.4,231.08,53,1.44,5,1,0.2
13159,5,1044,8,1371.3,274.26,114,0.89,5,1,0.2
13238,5,296,11,680.8,136.16,20,11.26,5,1,0.2
18093,5,1381,93,2083.4,416.68,31,5.65,5,1,0.2
13950,5,320,11,713.6,142.72,32,6.91,5,1,0.2
13157,5,1430,49,1721.6,344.32,69,2.83,5,1,0.2
17738,5,1027,19,1863.4,372.68,89,2.68,5,1,0.2
15584,5,311,23,718.4,143.68,89,1.13,5,1,0.2
14403,5,513,130,1426.3,285.26,17,4.68,5,1,0.2
15392,5,1265,4,1515.7,303.14,74,4.24,5,1,0.2
13048,5,1220,14,1789.4,357.88,77,2.32,5,1,0.2
13168,5,668,36,1290.5,258.1,102,2.22,5,1,0.2
17350,5,734,8,1251.4,250.28000000000003,66,0.61,5,1,0.2
14477,5,719,19,1307.8,261.56,7,27.8,5,1,0.2
14959,5,491,59,685,137,37,3.95,5,1,0.2
17075,5,289,17,813.8,162.76,62,3.8,5,1,0.2
17648,5,486,60,1789.5,357.9,81,2.08,5,1,0.2
14145,5,636,46,3148.2,629.64,6,15.55,5,1,0.2
12952,5,652,5,1382.8,276.56,64,0.92,5,1,0.2
14916,5,1132,70,1264.8,252.95999999999998,72,3.26,5,1,0.2
14692,5,255,137,582.1,116.42,53,2.72,5,1,0.2
15228,5,2252,66,3377,675.4,110,1.82,5,1,0.2
12936,5,539,17,1012.9,202.57999999999998,56,0.98,5,1,0.2
12633,5,1136,58,1906.6,381.32,72,2.34,5,1,0.2
17979,5,377,35,709.1,141.82,115,1.64,5,1,0.2
14176,5,207,297,574,114.8,28,2.26,5,1,0.2
15312,5,513,75,921.1,184.22,42,5.94,5,1,0.2
16637,5,891,32,1124.6,224.92,66,2.72,5,1,0.2
17481,5,1060,3,1249.3,249.85999999999999,69,1.1,5,1,0.2
15808,5,1303,306,3641.1,728.22,143,0.32,5,1,0.2
16660,5,451,16,810.4,162.07999999999998,16,18.94,5,1,0.2
13771,5,1476,64,2631.7,526.33999999999992,114,1.54,5,1,0.2
18125,5,799,29,1130.1,226.01999999999998,164,1.49,5,1,0.2
15416,5,2089,64,3974.4,794.88,165,1.14,5,1,0.2
13107,5,1288,44,1524.1,304.82,54,4.9,5,1,0.2
17272,5,1776,42,2144.5,428.9,70,1.91,5,1,0.2
17774,5,507,96,1203.8,240.76,124,1.37,5,1,0.2
15777,5,375,241,1021.6,204.32,18,5.71,5,1,0.2
16120,5,866,59,1294.1,258.82,26,0,5,1,0.2
16350,5,542,21,1100.5,220.1,41,5.83,5,1,0.2
12613,5,1582,31,2967,593.4,123,1.46,5,1,0.2
15095,5,1077,103,1364.7,272.94,30,2.08,5,1,0.2
13162,5,1663,122,1645,329,74,2.62,5,1,0.2
16271,5,1022,15,1383.7,276.74,89,2.66,5,1,0.2
14657,5,465,17,838.3,167.66,103,2.45,5,1,0.2
13815,5,2537,22,3654.9,730.98,131,1.71,5,1,0.2
17929,5,107,11,834.5,166.9,4,59.4,5,1,0.2
12924,5,479,88,922,184.4,21,8.24,5,1,0.2
16938,5,1018,8,1878.4,375.68,212,1.28,5,1,0.2
16503,5,567,106,1421.4,284.28000000000003,71,2.99,5,1,0.2
13577,5,771,25,1658.3,331.65999999999997,61,2.57,5,1,0.2
13644,5,2060,8,2597.5,519.5,144,0.66,5,1,0.2
12517,5,1328,28,2263.6,452.71999999999997,231,0.58,5,1,0.2
13647,5,886,9,1640.2,328.04,65,2.88,5,1,0.2
16358,5,1301,1,2024.9,404.98,82,1.68,5,1,0.2
15618,5,427,32,747,149.4,38,2.21,5,1,0.2
15950,5,712,1,1684.5,336.9,86,3.54,5,1,0.2
14655,5,1088,3,1930.2,386.04,35,4.47,5,1,0.2
14177,5,203,84,544.5,108.9,37,2.32,5,1,0.2
15411,5,527,26,1336.4,267.28000000000003,86,1.59,5,1,0.2
15367,5,1055,57,1867.7,373.54,92,2.29,5,1,0.2
16998,5,74,149,287.5,57.5,1,38.75,5,1,0.2
17175,5,865,44,1430.9,286.18,42,4,5,1,0.2
13982,5,1132,39,1861.1,372.21999999999997,72,2.86,5,1,0.2
16201,5,1267,3,1821.5,364.3,74,0.93,5,1,0.2
16869,5,579,22,797.3,159.45999999999998,113,1.2,5,1,0.2
15484,5,3134,1,3559.2,711.83999999999992,135,0.41,5,1,0.2
14016,5,2123,154,4278.5,855.7,153,1.27,5,1,0.2
16203,5,261,58,589.1,117.82000000000001,27,8.97,5,1,0.2
15669,5,339,40,677.7,135.54000000000002,31,6.56,5,1,0.2
15079,5,388,212,893.7,178.74,47,3.26,5,1,0.2
13510,5,1382,1,1785.2,357.04,86,1.57,5,1,0.2
15998,6,2028,36,3074.4,512.4,373,0.64,6,1,0.17
15681,6,556,18,946.4,157.73333333333332,32,3.97,6,1,0.17
13141,6,1547,84,2385.8,397.63333333333338,113,1.71,6,1,0.17
18221,6,789,22,1033.3,172.21666666666667,59,2.95,6,1,0.17
14748,6,1193,29,1318.8,219.79999999999998,89,3.77,6,1,0.17
13632,6,1030,24,2114.7,352.45,121,1.51,6,1,0.17
13523,6,1745,33,3755.4,625.9,157,1.89,6,1,0.17
13213,6,1357,56,1518.4,253.06666666666669,82,1.57,6,1,0.17
16992,6,857,10,1601.9,266.98333333333335,85,3.19,6,1,0.17
13593,6,695,108,1965.1,327.51666666666665,77,1.8,6,1,0.17
13995,6,867,15,1383.5,230.58333333333334,55,2.67,6,1,0.17
17302,6,573,14,1119.9,186.65,68,3.64,6,1,0.17
17754,6,1767,0,1632.3,272.05,82,2.92,6,1,0.17
17838,6,1397,26,2267.4,377.90000000000003,96,2.64,6,1,0.17
16770,6,444,57,731.9,121.98333333333333,116,2.25,6,1,0.17
18161,6,810,10,1612.8,268.8,49,3.86,6,1,0.17
13860,6,589,1,1240,206.66666666666666,58,1.12,6,1,0.17
13451,6,2122,26,2838.6,473.09999999999997,315,0.71,6,1,0.17
16809,6,651,23,912.7,152.11666666666667,79,1.6,6,1,0.17
18231,6,806,192,2054.7,342.45,106,0.77,6,1,0.17
15081,6,188,22,487.3,81.216666666666669,26,10.15,6,1,0.17
17912,6,182,310,294.7,49.116666666666667,35,1.42,6,1,0.17
13984,6,271,26,488,81.333333333333329,14,21.25,6,1,0.17
14621,6,987,1,1765.8,294.3,80,3.76,6,1,0.17
14719,6,1024,1,1571.9,261.98333333333335,177,1.06,6,1,0.17
12601,6,239,189,479.6,79.933333333333337,20,6.22,6,1,0.17
13495,6,814,7,1990.1,331.68333333333334,34,7.08,6,1,0.17
13882,6,950,2,1131.3,188.54999999999998,54,0.95,6,1,0.17
17054,6,802,28,1353.8,225.63333333333333,64,2.61,6,1,0.17
12451,6,6454,10,8893.5,1482.25,264,0.89,6,1,0.17
15722,6,1018,35,2169.9,361.65000000000003,47,3.7,6,1,0.17
12670,6,1377,10,2734.1,455.68333333333334,57,2.52,6,1,0.17
14290,6,913,11,2307.4,384.56666666666666,90,3.43,6,1,0.17
14146,6,1886,8,2949.6,491.59999999999997,183,1.43,6,1,0.17
17873,6,986,80,1624.8,270.8,23,6.81,6,1,0.17
13636,6,586,36,941.6,156.93333333333334,57,3.95,6,1,0.17
17593,6,3083,3,3908.1,651.35,190,1.64,6,1,0.17
17469,6,778,16,1843.1,307.18333333333334,61,2.11,6,1,0.17
15208,6,314,1,867.6,144.6,25,8.38,6,1,0.17
14235,6,1947,10,3093.9,515.65,65,3.16,6,1,0.17
17085,6,783,123,1550.8,258.46666666666664,116,1.28,6,1,0.17
12775,6,846,17,1246.2,207.70000000000002,46,4.82,6,1,0.17
16628,6,1202,29,2183,363.83333333333331,79,1.74,6,1,0.17
13397,6,429,72,1539.2,256.53333333333336,28,7.03,6,1,0.17
14745,6,1020,112,1167.2,194.53333333333333,46,2.51,6,1,0.17
17463,6,1081,16,1860.8,310.13333333333333,162,1.41,6,1,0.17
14511,6,772,11,1267.4,211.23333333333335,53,1.74,6,1,0.17
12383,6,1515,184,1617.3,269.55,83,1.79,6,1,0.17
13092,6,271,70,459.8,76.63333333333334,19,11.56,6,1,0.17
15380,6,374,8,1682.4,280.40000000000003,22,9.92,6,1,0.17
13884,6,297,7,781.3,130.21666666666667,45,4.68,6,1,0.17
12520,6,1414,79,2294.5,382.41666666666669,120,1.3,6,1,0.17
15898,6,565,1,1379.6,229.93333333333331,70,4.37,6,1,0.17
15400,6,360,92,666.7,111.11666666666667,10,15.5,6,1,0.17
16618,6,1362,31,2630.6,438.43333333333334,79,3.03,6,1,0.17
15117,6,1947,14,1550.1,258.34999999999997,63,2.54,6,1,0.17
12782,6,1056,4,1881.3,313.55,80,3.5,6,1,0.17
14623,6,404,32,862.1,143.68333333333334,107,1.54,6,1,0.17
16566,6,361,15,614,102.33333333333333,14,15.39,6,1,0.17
12576,6,964,35,1307,217.83333333333334,72,3.06,6,1,0.17
16086,6,510,59,1119.3,186.54999999999998,24,7.9,6,1,0.17
15434,6,638,8,997.5,166.25,40,3.31,6,1,0.17
15253,6,864,16,915.3,152.54999999999998,52,2.83,6,1,0.17
15809,6,251,35,399.2,66.533333333333331,31,6.36,6,1,0.17
15594,6,982,15,1767.5,294.58333333333331,85,2.13,6,1,0.17
17609,6,690,40,1090,181.66666666666666,198,1.24,6,1,0.17
14257,6,1677,51,3087.3,514.55000000000007,89,2.52,6,1,0.17
15299,7,2942,67,3901,557.28571428571433,7,43.57,7,1,0.14
16419,7,427,112,946,135.14285714285714,36,3.98,7,1,0.14
17519,7,1233,17,1839.1,262.7285714285714,60,4.28,7,1,0.14
17682,7,1365,10,2459.3,351.32857142857148,48,3.03,7,1,0.14
14215,7,1354,11,1777.9,253.98571428571429,98,3.31,7,1,0.14
16949,7,790,3,1161.3,165.9,57,5.22,7,1,0.14
16725,7,286,302,750.9,107.27142857142857,109,0.48,7,1,0.14
17027,7,410,78,835.9,119.41428571428571,110,1.6,7,1,0.14
13456,7,755,17,1722.8,246.1142857142857,42,3.02,7,1,0.14
13975,7,1690,31,2438.2,348.31428571428569,240,0.74,7,1,0.14
13991,7,992,12,846.5,120.92857142857143,57,1.6,7,1,0.14
16173,7,571,15,1406.6,200.94285714285712,70,0.97,7,1,0.14
15220,7,1377,51,1758.9,251.27142857142857,110,1.94,7,1,0.14
16143,7,917,3,2419.8,345.68571428571431,75,3.13,7,1,0.14
16170,7,1766,50,1880.4,268.62857142857143,106,1.57,7,1,0.14
17007,7,587,50,877.4,125.34285714285714,50,5.9,7,1,0.14
17107,7,4526,32,10362.5,1480.3571428571429,269,0.59,7,1,0.14
16871,7,1250,22,2761.5,394.5,131,1.8,7,1,0.14
13590,7,1846,11,1976.1,282.3,70,3.32,7,1,0.14
16918,7,708,49,1043.3,149.04285714285714,97,2.08,7,1,0.14
18272,7,2044,2,3064.8,437.82857142857148,99,1.44,7,1,0.14
17284,7,1360,60,1636.6,233.79999999999998,229,0.95,7,1,0.14
14210,7,759,91,1900.9,271.55714285714288,66,2.75,7,1,0.14
17214,7,271,60,974.1,139.15714285714287,79,2.96,7,1,0.14
17874,7,209,185,658.3,94.04285714285713,37,1.52,7,1,0.14
13520,7,1629,58,2967.7,423.95714285714286,48,3.6,7,1,0.14
12721,7,1939,31,2359,337,133,2.13,7,1,0.14
14315,7,1010,21,2457,351,64,2.38,7,1,0.14
14409,7,1158,71,1908.2,272.6,40,5.5,7,1,0.14
13381,7,2027,21,3626.8,518.11428571428576,77,1.61,7,1,0.14
16184,7,560,64,1155.5,165.07142857142858,26,3.27,7,1,0.14
16841,7,2234,36,1774.6,253.51428571428571,101,2.16,7,1,0.14
17426,7,3082,4,5022.3,717.47142857142865,179,1.03,7,1,0.14
15038,7,182,43,645.8,92.257142857142853,105,2.57,7,1,0.14
15491,7,1623,95,3075.9,439.41428571428571,107,0.92,7,1,0.14
14487,7,711,26,1152.7,164.67142857142858,112,2.44,7,1,0.14
15996,7,378,88,1016.7,145.24285714285716,103,2.19,7,1,0.14
14507,7,582,23,1352.9,193.27142857142857,79,2.64,7,1,0.14
13650,7,918,16,1809.3,258.47142857142859,79,2.59,7,1,0.14
16633,7,1136,17,2863.2,409.02857142857141,114,1.44,7,1,0.14
14883,7,789,18,756.6,108.08571428571429,39,3.64,7,1,0.14
14948,7,661,23,1066.6,152.37142857142857,56,3.11,7,1,0.14
14209,7,688,10,2067.1,295.3,55,3.7,7,1,0.14
14976,7,228,57,749.9,107.12857142857142,45,3.84,7,1,0.14
18177,7,704,31,1313.6,187.65714285714284,53,3.07,7,1,0.14
17673,7,1460,1,1588.1,226.87142857142857,118,1.46,7,1,0.14
14404,7,819,33,1409.7,201.3857142857143,70,3.36,7,1,0.14
13246,7,1537,18,1896.3,270.9,110,2.28,7,1,0.14
18097,7,1661,7,2657.5,379.64285714285717,66,3.27,7,1,0.14
13717,7,1958,32,1432.3,204.6142857142857,92,2.61,7,1,0.14
14107,8,1788,51,2688.5,336.0625,61,2.54,8,1,0.13
12935,8,1852,2,2156.4,269.55,80,2.46,8,1,0.13
13549,8,457,25,916.1,114.5125,37,4.25,8,1,0.13
14414,8,2509,91,1485.1,185.6375,79,2.75,8,1,0.13
15370,8,828,40,2360.6,295.075,65,3.11,8,1,0.13
16905,8,1380,5,3020.7,377.5875,117,1.84,8,1,0.13
17819,8,1027,71,3661.1,457.6375,36,6.25,8,1,0.13
18245,8,1781,7,2507.6,313.45,155,1.98,8,1,0.13
17449,8,1113,2,2500.2,312.525,177,1.29,8,1,0.13
13743,8,1775,2,1340.1,167.5125,8,6.27,8,1,0.13
15443,8,1636,1,3188.8,398.6,237,0.85,8,1,0.13
16218,8,2077,29,3054.9,381.8625,56,3.87,8,1,0.13
17655,8,956,10,2571.7,321.4625,66,3.87,8,1,0.13
13110,8,384,31,1452.9,181.6125,109,1.93,8,1,0.13
13225,8,3352,3,6083,760.375,23,10.85,8,1,0.13
17164,8,1500,32,2466.4,308.3,92,1.67,8,1,0.13
16332,8,789,28,1572.8,196.6,125,1.83,8,1,0.13
17090,8,902,4,1972.6,246.575,45,5.74,8,1,0.13
14739,8,3817,2,3899.1,487.3875,47,6.08,8,1,0.13
12352,8,463,36,1265.4,158.175,57,3.13,8,1,0.13
13139,8,2418,16,5055.8,631.975,132,1.4,8,1,0.13
16719,8,1173,14,1753.7,219.2125,108,1.8,8,1,0.13
16983,8,1322,12,1894.8,236.85,112,2.5,8,1,0.13
16791,8,752,29,1677.5,209.6875,217,0.96,8,1,0.13
15365,8,759,25,1549.2,193.65,65,1.95,8,1,0.13
17739,8,856,11,2786,348.25,29,7.43,8,1,0.13
15752,8,1955,39,2618.2,327.275,236,0.82,8,1,0.13
12598,8,1928,9,2786.7,348.3375,83,2.17,8,1,0.13
13527,8,1664,33,2218.6,277.325,153,1.35,8,1,0.13
16242,8,1968,8,3574.9,446.8625,184,0.92,8,1,0.13
15903,8,2409,9,5126.3,640.7875,46,3.86,8,1,0.13
15379,8,2293,169,3631.9,453.9875,145,0.97,8,1,0.13
15974,8,2256,39,3429.6,428.7,141,1.41,8,1,0.13
17562,8,813,14,1107.4,138.425,48,2.52,8,1,0.13
15260,8,861,100,1780.8,222.6,62,3.53,8,1,0.13
15906,8,538,19,1521.8,190.225,114,1.57,8,1,0.13
17988,8,42,11,191.2,23.9,37,8.29,8,1,0.13
12826,8,1054,2,1468.1,183.5125,58,3.9,8,1,0.13
15140,8,1567,52,2350,293.75,74,2.65,8,1,0.13
12948,8,1077,16,2053.7,256.7125,82,2.12,8,1,0.13
12727,8,2056,10,3425.7,428.2125,108,2.35,8,1,0.13
17591,8,999,73,2192.7,274.0875,81,1.87,8,1,0.13
16743,8,1998,29,2166.9,270.8625,89,1.72,8,1,0.13
14854,8,1810,78,2730.1,341.2625,110,1.52,8,1,0.13
13327,9,1588,38,3617.6,401.95555555555552,74,3.03,9,1,0.11
14334,9,1730,16,2539.5,282.16666666666669,98,2.11,9,1,0.11
14936,9,4083,9,8117.4,901.93333333333328,210,0.73,9,1,0.11
17368,9,666,23,1315.7,146.1888888888889,93,2.55,9,1,0.11
17629,9,1620,5,1769.1,196.56666666666666,105,2.9,9,1,0.11
15750,9,1776,2,2448.8,272.0888888888889,214,1.25,9,1,0.11
15861,9,2527,12,2981.9,331.32222222222225,339,0.47,9,1,0.11
12423,9,1312,0,1624.1,180.45555555555555,96,3.02,9,1,0.11
15796,9,858,1,2704.7,300.52222222222218,69,2.3,9,1,0.11
17173,9,1121,5,3755.6,417.28888888888889,36,1.47,9,1,0.11
14071,9,861,3,1291.3,143.47777777777776,270,0.79,9,1,0.11
14341,9,1395,45,2151.1,239.01111111111109,109,2.13,9,1,0.11
15241,9,1814,66,1723.6,191.51111111111109,81,1.99,9,1,0.11
14868,9,1399,3,2939.6,326.62222222222221,96,1.58,9,1,0.11
12637,9,2974,67,5790.3,643.36666666666667,204,0.67,9,1,0.11
15527,9,988,18,2411.7,267.96666666666664,127,2.06,9,1,0.11
13394,9,2216,1,2318.3,257.5888888888889,125,1.9,9,1,0.11
17861,9,1965,3,2056.3,228.47777777777779,172,1.44,9,1,0.11
17211,9,1310,26,2299.7,255.52222222222221,150,1.62,9,1,0.11
12843,9,753,65,1680.8,186.75555555555556,69,1.86,9,1,0.11
14547,9,2629,3,3953.9,439.32222222222225,198,0.14,9,1,0.11
17097,9,457,2,937.9,104.21111111111111,153,1.71,9,1,0.11
14258,10,7098,9,12650.1,1265.01,58,2.95,10,1,0.1
13082,10,4313,126,3595.5,359.55,63,2.86,10,1,0.1
16942,10,801,12,1878.5,187.85,159,0.77,10,1,0.1
14587,10,747,18,1577.4,157.74,170,0.84,10,1,0.1
13755,10,1219,3,2101.4,210.14000000000001,232,0.19,10,1,0.1
15628,10,1882,4,2865.6,286.56,85,2.32,10,1,0.1
16019,10,1649,1,3450.2,345.02,133,2.21,10,1,0.1
13704,10,1528,5,2295.3,229.53000000000003,111,0.62,10,1,0.1
12757,10,2375,15,4161.8,416.18,235,0.55,10,1,0.1
17504,10,1456,206,2745.3,274.53000000000003,112,0.83,10,1,0.1
14221,10,2190,42,3427.8,342.78000000000003,123,1.54,10,1,0.1
17705,10,957,3,1781.1,178.10999999999999,63,2.79,10,1,0.1
12678,10,10876,42,16291.3,1629.1299999999999,103,1.98,10,1,0.1
14309,10,1619,8,2319.7,231.96999999999997,75,2.87,10,1,0.1
14901,10,659,11,1415,141.5,73,3.72,10,1,0.1
17091,10,1743,2,3802.8,380.28000000000003,119,1.85,10,1,0.1
16638,11,1254,22,1676.5,152.40909090909091,92,3.68,11,1,0.09
17512,11,2752,28,2920,265.45454545454544,61,2.6,11,1,0.09
16985,11,1830,17,5461.6,496.50909090909096,62,2.84,11,1,0.09
18044,11,1032,4,2085.6,189.6,88,2.8,11,1,0.09
17799,11,1750,22,3009.3,273.57272727272726,280,0.84,11,1,0.09
18055,11,2447,7,6729.3,611.75454545454545,223,1.01,11,1,0.09
16076,11,1363,3,2173.5,197.59090909090909,71,1.58,11,1,0.09
12481,11,3248,22,4998.4,454.4,149,1.65,11,1,0.09
17162,11,1000,28,1707.2,155.20000000000002,81,2.66,11,1,0.09
15984,11,1805,2,2759.9,250.9,217,1.4,11,1,0.09
15150,11,3617,17,5280.8,480.07272727272726,282,0.74,11,1,0.09
15033,11,1667,4,2538.2,230.74545454545452,314,0.65,11,1,0.09
18219,11,883,2,2019.8,183.61818181818182,58,3.21,11,1,0.09
13426,11,2225,0,3558.3,323.4818181818182,103,2.29,11,1,0.09
12567,11,4045,22,8322.9,756.62727272727273,322,0.76,11,1,0.09
17491,11,2012,1,3541.9,321.9909090909091,72,3.36,11,1,0.09
15373,12,475,8,2192.1,182.67499999999998,73,2.69,12,1,0.08
16837,12,1562,31,3167.7,263.97499999999997,123,1.3,12,1,0.08
14099,12,2177,16,3093,257.75,167,1.35,12,1,0.08
17716,12,3004,22,5505.8,458.81666666666666,172,0.97,12,1,0.08
14711,12,954,10,2809,234.08333333333334,221,0.73,12,1,0.08
15023,12,2810,3,6661.9,555.1583333333333,346,0.66,12,1,0.08
14132,12,3366,2,3580.1,298.34166666666664,100,0.91,12,1,0.08
12662,12,2023,0,3511.1,292.59166666666664,128,1.69,12,1,0.08
17061,12,1484,73,5116.1,426.3416666666667,57,1.59,12,1,0.08
14291,12,2748,1,3873.3,322.77500000000003,145,1.16,12,1,0.08
15529,12,3447,22,3932.6,327.71666666666664,414,0.52,12,1,0.08
14866,12,6568,10,14161,1180.0833333333333,29,3.52,12,1,0.08
17364,12,2671,0,4437.2,369.76666666666665,288,0.81,12,1,0.08
13631,12,460,99,3021.8,251.81666666666669,6,15.27,12,1,0.08
14713,12,1611,9,2660.1,221.67499999999998,146,1.05,12,1,0.08
18092,12,4250,2,9065.8,755.48333333333323,28,4.08,12,1,0.08
14755,12,2217,9,4965.4,413.7833333333333,128,1.38,12,1,0.08
14110,13,2443,3,5669.6,436.12307692307695,94,1.7,13,1,0.08
16186,13,3008,22,3991.9,307.06923076923078,87,1.61,13,1,0.08
12647,13,1387,22,3093.9,237.99230769230769,77,3.04,13,1,0.08
18073,13,3088,114,3786.7,291.28461538461539,22,1.19,13,1,0.08
13983,13,1170,29,2590.5,199.26923076923077,91,3.04,13,1,0.08
17870,13,1350,2,1860.9,143.14615384615385,214,1.35,13,1,0.08
15570,13,2054,7,4093.3,314.8692307692308,232,1.11,13,1,0.08
14191,14,3657,1,4660,332.85714285714283,146,0.84,14,1,0.07
13871,14,2801,22,6389.8,456.41428571428571,155,0.85,14,1,0.07
17975,14,1547,15,4384.8,313.2,188,1.2,14,1,0.07
14088,14,12593,10,50415.5,3601.1071428571427,379,0.53,14,1,0.07
15719,14,2716,32,5026.8,359.05714285714288,298,0.33,14,1,0.07
14709,14,2482,15,4911.1,350.79285714285714,71,1.75,14,1,0.07
15694,14,1664,0,6408.6,457.75714285714287,41,4.83,14,1,0.07
14401,14,4505,4,4040,288.57142857142856,113,1.95,14,1,0.07
15939,15,4724,89,6087.3,405.82,27,3.23,15,1,0.07
13230,15,1517,4,2712.1,180.80666666666667,393,0.61,15,1,0.07
16326,15,662,5,3014.2,200.94666666666666,158,1.1,15,1,0.07
12839,15,3805,2,5588.1,372.54,95,1.16,15,1,0.07
18065,15,1024,5,2380.1,158.67333333333332,110,2.62,15,1,0.07
13756,15,3164,2,5145.1,343.00666666666672,66,2.57,15,1,0.07
15046,16,3227,9,4921.7,307.60625,146,1.65,16,1,0.06
13985,16,3437,4,7024.5,439.03125,108,0.74,16,1,0.06
15271,16,1246,7,2472.1,154.50625,184,1.36,16,1,0.06
15867,16,2037,5,3788.7,236.79375,301,0.79,16,1,0.06
17346,16,1599,3,2557.9,159.86875,299,0.76,16,1,0.06
17690,16,1763,30,4717.3,294.83125,186,1.36,16,1,0.06
16843,17,10154,42,10183.8,599.04705882352937,226,0.75,17,1,0.06
14702,18,1429,1,3210.3,178.35000000000002,196,1.06,18,1,0.06
15144,18,3026,8,6530,362.77777777777777,132,1.4,18,1,0.06
18241,18,1047,9,2058.1,114.33888888888889,60,2,18,1,0.06
16745,18,6711,86,7157.1,397.61666666666667,148,0.63,18,1,0.06
14057,18,4705,23,6141.1,341.17222222222222,179,1.17,18,1,0.06
16746,19,4657,4,6676.8,351.41052631578947,234,0.79,19,1,0.05
14085,19,3176,2,4408.5,232.02631578947367,272,0.82,19,1,0.05
12437,19,2889,1,4392.7,231.19473684210524,117,1.79,19,1,0.05
14060,20,5374,4,6135.4,306.77,86,1.82,20,1,0.05
15838,20,9008,11,33362.3,1668.1150000000002,55,2.16,20,1,0.05
17377,21,2037,23,3883.3,184.91904761904763,191,0.87,21,1,0.05
18041,22,3749,11,4075.1,185.23181818181817,285,0.79,22,1,0.05
17068,22,2149,12,4525.1,205.68636363636367,115,1.21,22,1,0.05
16814,22,2690,14,6398.3,290.83181818181816,121,1.12,22,1,0.05
12841,26,2646,4,3845.6,147.90769230769232,230,0.85,26,1,0.04
16168,28,1888,10,3770.6,134.66428571428571,57,3.66,28,1,0.04
13018,29,5434,16,7272.7,250.78275862068966,313,0.61,29,1,0.03
17381,30,25646,8,20272.4,675.74666666666667,40,3.34,30,1,0.03
17757,31,3313,1,5569.6,179.66451612903228,274,0.5,31,1,0.03
12569,33,1741,2,3129,94.818181818181813,91,1.59,33,1,0.03
17850,35,1696,302,5303.5,151.52857142857144,24,0.23,35,1,0.03
13199,38,6171,3,9789,257.60526315789474,47,3.08,38,1,0.03
14298,45,58021,3,50862.4,1130.2755555555557,884,0.22,45,1,0.02
14646,73,196556,1,278778,3818.8767123287671,699,0.17,73,1,0.01
17820,2,-5,191,-24.1,-12.05,5,42,2,2,1
14777,2,-9,4,-17.4,-8.7,2,177,2,2,1
13693,2,-6,325,-32,-16,4,0,2,2,1
16278,3,109,23,537.8,179.26666666666665,23,3.21,3,2,0.67
17693,3,229,136,187,62.333333333333336,16,0.06,3,2,0.67
17548,3,-132,217,-141.5,-47.166666666666664,12,9.75,3,2,0.67
18276,3,184,21,323.4,107.8,14,1.47,3,2,0.67
12797,3,78,360,166.2,55.4,12,0.33,3,2,0.67
15598,3,156,35,235.7,78.566666666666663,14,1.2,3,2,0.67
16297,3,181,249,278.6,92.866666666666674,20,0.9,3,2,0.67
12479,3,348,3,423.3,141.1,30,0.24,3,2,0.67
18087,3,3570,144,2917.3,972.43333333333339,6,31.4,3,2,0.67
13763,3,725,63,1689.5,563.16666666666663,17,6.75,3,2,0.67
16101,3,738,9,1246,415.33333333333331,76,0.74,3,2,0.67
14149,3,129,212,259.4,86.466666666666654,28,0.21,3,2,0.67
17044,3,487,8,897.4,299.13333333333333,8,39,3,2,0.67
14586,3,236,227,134.2,44.733333333333327,19,1.88,3,2,0.67
13587,3,160,31,347,115.66666666666667,8,3.2,3,2,0.67
15973,3,87,235,99.8,33.266666666666666,4,26.2,3,2,0.67
18193,3,120,150,213,71,17,12.71,3,2,0.67
15648,4,211,204,584.8,146.2,23,2.52,4,2,0.5
14875,4,555,9,1457.7,364.425,46,5.27,4,2,0.5
16863,4,392,29,481.4,120.35,25,12.48,4,2,0.5
13816,4,256,23,483,120.75,26,1.37,4,2,0.5
17672,4,1672,43,3106.6,776.65,105,2.33,4,2,0.5
12462,4,505,2,872,218,50,4.36,4,2,0.5
12930,4,250,78,409.9,102.475,20,3.58,4,2,0.5
12578,4,1157,21,2361.4,590.35,111,2.71,4,2,0.5
14356,4,266,60,666.9,166.725,36,0.57,4,2,0.5
18218,4,498,206,606.2,151.55,17,3.41,4,2,0.5
13329,4,427,31,740.4,185.1,16,18.61,4,2,0.5
16398,4,745,144,1631.2,407.8,75,1.28,4,2,0.5
17169,4,519,50,816.9,204.225,51,2.25,4,2,0.5
13420,4,88,134,140.4,35.1,8,4,4,2,0.5
13455,4,345,24,1007.3,251.825,42,6.58,4,2,0.5
16747,4,577,25,827,206.75,34,0.95,4,2,0.5
14644,4,252,9,780.5,195.125,26,10.32,4,2,0.5
12888,4,68,214,313.8,78.45,4,6.83,4,2,0.5
12585,4,1246,234,1766.8,441.7,76,1.24,4,2,0.5
13396,4,592,21,1325.3,331.325,42,6.48,4,2,0.5
16160,4,1153,64,1009.5,252.375,20,1,4,2,0.5
14323,4,340,114,574.3,143.575,32,3.1,4,2,0.5
12781,4,592,21,671.7,167.925,24,9.74,4,2,0.5
12504,4,48,18,60,15,5,0.92,4,2,0.5
17423,4,421,45,663.6,165.9,26,6.37,4,2,0.5
16573,4,354,73,648.4,162.1,40,4.82,4,2,0.5
13430,4,739,18,652.1,163.025,48,1.31,4,2,0.5
14338,4,329,158,554.2,138.55,30,1.15,4,2,0.5
18248,4,501,113,783,195.75,39,1.52,4,2,0.5
12434,4,373,84,765.2,191.3,49,5.21,4,2,0.5
12940,4,399,46,862.4,215.6,88,0.41,4,2,0.5
12967,4,243,3,1194.8,298.7,21,11.5,4,2,0.5
13476,4,414,178,1092.8,273.2,56,1.72,4,2,0.5
15469,4,150,43,504.5,126.125,24,2.96,4,2,0.5
17900,4,0,164,0,0,3,2.89,4,2,0.5
15406,4,236,18,426.6,106.65,51,4.96,4,2,0.5
14081,4,589,267,891.8,222.95,126,0.67,4,2,0.5
18142,4,1273,151,1014.9,253.725,9,3.76,4,2,0.5
13186,5,804,39,1539.7,307.94,69,1.07,5,2,0.4
17440,5,232,147,177.1,35.42,3,14.29,5,2,0.4
13856,5,484,168,363.4,72.679999999999993,10,2.19,5,2,0.4
13894,5,339,22,536,107.2,25,9.93,5,2,0.4
15329,5,480,35,1007.5,201.5,51,5.5,5,2,0.4
15050,5,1176,25,1682.8,336.56,68,0.6,5,2,0.4
14231,5,402,179,822.1,164.42000000000002,47,2.06,5,2,0.4
12427,5,229,11,582.4,116.47999999999999,25,11.61,5,2,0.4
16533,5,513,19,1014.2,202.84,112,0.27,5,2,0.4
15786,5,3307,43,4821,964.2,257,0.26,5,2,0.4
13517,5,1360,59,2109.1,421.82,125,0.85,5,2,0.4
14286,5,4306,23,4595.8,919.16000000000008,220,0.77,5,2,0.4
13217,5,114,122,133.6,26.72,3,5.67,5,2,0.4
17115,5,368,8,806.9,161.38,33,5.36,5,2,0.4
17779,5,393,21,633.9,126.78,73,1.49,5,2,0.4
15563,5,1430,8,1310.7,262.14,87,3.1,5,2,0.4
16755,5,1052,114,1463.2,292.64,134,1.18,5,2,0.4
16245,5,1008,23,1352.4,270.48,80,2.53,5,2,0.4
16092,5,602,98,779.4,155.88,37,3,5,2,0.4
15449,5,810,26,971.2,194.24,47,3.85,5,2,0.4
16571,5,1176,3,1285.2,257.04,73,2.65,5,2,0.4
17317,5,1074,46,2524,504.8,8,4.3,5,2,0.4
15197,5,453,8,656.4,131.28,30,10,5,2,0.4
14276,5,723,88,1019.4,203.88,52,2.72,5,2,0.4
16233,5,165,71,422.1,84.42,22,12.29,5,2,0.4
15344,5,106,0,476.6,95.320000000000007,21,2.39,5,2,0.4
18167,5,360,3,1361.5,272.3,24,2.49,5,2,0.4
13171,5,227,8,426.8,85.36,37,6.19,5,2,0.4
17095,5,614,22,1296.4,259.28000000000003,69,4.16,5,2,0.4
14133,5,342,129,590.3,118.05999999999999,26,6.41,5,2,0.4
12854,5,621,78,1280.9,256.18,97,2.12,5,2,0.4
17405,5,705,1,967.2,193.44,77,1.6,5,2,0.4
16768,5,191,47,458,91.6,47,3.93,5,2,0.4
15238,5,689,29,1056.5,211.3,49,3.04,5,2,0.4
15157,5,2243,3,1879.8,375.96,125,2.71,5,2,0.4
14305,5,1068,71,1788.8,357.76,95,0.59,5,2,0.4
15032,5,2668,256,4464.1,892.82,29,2.04,5,2,0.4
15533,5,256,19,746.9,149.38,73,0.82,5,2,0.4
15676,5,2230,9,3309.1,661.81999999999994,190,1.28,5,2,0.4
14229,5,590,51,1450.6,290.12,29,6.71,5,2,0.4
15839,5,670,25,1020.7,204.14000000000001,56,1.92,5,2,0.4
12697,5,494,21,739,147.8,36,3.79,5,2,0.4
12994,5,440,4,902.2,180.44,52,3.67,5,2,0.4
17406,5,777,330,1912.7,382.54,99,0.32,5,2,0.4
16325,5,164,44,510.5,102.1,14,10.58,5,2,0.4
15621,6,463,4,1158.8,193.13333333333333,11,1,6,2,0.33
15841,6,926,64,1209.1,201.51666666666665,36,5.59,6,2,0.33
15814,6,1247,3,1842.7,307.11666666666667,64,0.64,6,2,0.33
17994,6,471,121,626.1,104.35000000000001,63,2.09,6,2,0.33
14342,6,338,21,608.7,101.45,18,8.59,6,2,0.33
17180,6,667,56,768.3,128.04999999999998,91,2.05,6,2,0.33
15065,6,1355,37,3136,522.66666666666663,148,1.62,6,2,0.33
13320,6,1056,70,1475.2,245.86666666666667,77,1.32,6,2,0.33
17856,6,825,1,1378.8,229.79999999999998,11,18.67,6,2,0.33
12359,6,1599,7,6183,1030.5,214,1.3,6,2,0.33
17702,6,1320,30,1719.7,286.61666666666667,62,4.24,6,2,0.33
12610,6,1018,22,1706,284.33333333333331,84,0.98,6,2,0.33
12463,6,751,46,1165.6,194.26666666666665,65,2.38,6,2,0.33
14829,6,414,29,644.6,107.43333333333334,40,7.8,6,2,0.33
16094,6,633,11,1041.8,173.63333333333333,48,4.94,6,2,0.33
17633,6,630,31,1242.3,207.04999999999998,60,4.62,6,2,0.33
12484,6,2160,35,3892.9,648.81666666666672,255,0.88,6,2,0.33
12693,6,242,120,687,114.5,34,5.53,6,2,0.33
14141,6,337,2,879,146.5,28,2.29,6,2,0.33
14049,6,3784,16,5536.1,922.68333333333339,352,0.61,6,2,0.33
15027,6,563,30,1051.9,175.31666666666669,30,5.78,6,2,0.33
18178,6,979,113,1573.4,262.23333333333335,80,2.56,6,2,0.33
15674,6,1075,73,1744,290.66666666666669,87,1.37,6,2,0.33
14565,6,1529,95,2923.8,487.3,110,2.13,6,2,0.33
17527,6,463,53,888.9,148.15,45,3.44,6,2,0.33
15834,6,955,70,2073.8,345.63333333333338,242,1.12,6,2,0.33
17722,6,1572,96,2380.6,396.76666666666665,112,2.27,6,2,0.33
12722,6,559,85,886.3,147.71666666666667,49,1.18,6,2,0.33
14121,6,2078,3,2740.3,456.7166666666667,148,0.35,6,2,0.33
17700,6,1261,16,2508.9,418.15000000000003,118,2.41,6,2,0.33
16493,6,1113,72,1329.7,221.61666666666667,40,4.21,6,2,0.33
17671,6,659,15,1284.1,214.01666666666665,40,5.83,6,2,0.33
12668,6,1560,7,3113.2,518.86666666666667,114,2.13,6,2,0.33
12840,6,1505,143,2714.3,452.38333333333338,67,0.72,6,2,0.33
13925,6,327,36,616.6,102.76666666666667,28,2.23,6,2,0.33
15745,6,412,8,1071.2,178.53333333333333,57,3.56,6,2,0.33
15532,6,500,25,1491,248.5,204,1.3,6,2,0.33
16341,6,1388,24,1959.4,326.56666666666666,60,2.13,6,2,0.33
17147,6,878,22,1679.6,279.93333333333334,70,3.44,6,2,0.33
13499,7,1358,17,1147,163.85714285714286,31,5.73,7,2,0.29
13658,7,1009,9,2421.5,345.92857142857144,91,1.76,7,2,0.29
17126,7,778,152,976.5,139.5,189,0.84,7,2,0.29
16321,7,78,72,230.7,32.957142857142856,7,16.73,7,2,0.29
15505,7,2348,52,3497.1,499.58571428571429,90,1.05,7,2,0.29
15179,7,1907,18,2186.2,312.31428571428569,91,3.68,7,2,0.29
14214,7,748,30,1000.2,142.8857142857143,64,3.58,7,2,0.29
14665,7,500,60,1258.4,179.77142857142857,63,2.16,7,2,0.29
16042,7,733,22,1127.6,161.08571428571426,68,4.79,7,2,0.29
14493,7,1279,7,2362.8,337.54285714285714,95,1.21,7,2,0.29
13026,7,1587,1,943.8,134.82857142857142,33,6.68,7,2,0.29
15240,7,1361,44,1685.6,240.79999999999998,61,3.99,7,2,0.29
15106,7,1144,17,1407.7,201.1,90,2.5,7,2,0.29
14428,7,420,7,1209.4,172.77142857142857,108,2.27,7,2,0.29
18171,7,477,58,1208.5,172.64285714285714,43,5,7,2,0.29
15426,7,645,19,1386.6,198.08571428571426,222,1.24,7,2,0.29
16283,7,1220,5,1529.8,218.54285714285714,116,1.22,7,2,0.29
16735,7,1513,78,2216.1,316.58571428571429,88,2.17,7,2,0.29
13410,7,513,8,988.9,141.27142857142857,15,9.76,7,2,0.29
16892,7,232,1,489.5,69.928571428571431,88,3.29,7,2,0.29
18069,7,1293,26,1994.4,284.91428571428571,334,0.66,7,2,0.29
14064,7,1334,29,1168.9,166.98571428571429,59,3.14,7,2,0.29
14047,7,377,8,1290,184.28571428571428,22,11.03,7,2,0.29
13941,7,2307,21,4912.4,701.77142857142849,24,7.63,7,2,0.29
13627,7,1266,59,1624,232,84,3.2,7,2,0.29
13118,7,389,19,1125,160.71428571428572,68,3.32,7,2,0.29
14226,7,1289,28,2184.2,312.02857142857141,64,3.39,7,2,0.29
13623,7,282,30,696.2,99.45714285714287,77,3.3,7,2,0.29
17813,7,739,14,1641.8,234.54285714285714,297,0.16,7,2,0.29
15493,7,546,32,1918.9,274.12857142857143,177,0.82,7,2,0.29
17867,8,219,30,583.5,72.9375,62,3.74,8,2,0.25
16790,8,892,3,1520.1,190.0125,88,0.36,8,2,0.25
17460,8,176,78,452.6,56.575,18,8.19,8,2,0.25
12919,8,668,8,1301.4,162.675,34,3.16,8,2,0.25
12951,8,500,8,1042.1,130.2625,54,5.03,8,2,0.25
14640,8,823,15,2024.4,253.05,87,1.91,8,2,0.25
13477,8,1018,37,1441.5,180.1875,57,3.17,8,2,0.25
14898,8,989,23,1194.1,149.2625,87,3.14,8,2,0.25
17183,8,1264,7,3286.9,410.8625,42,1.31,8,2,0.25
15755,8,1397,1,2318.9,289.8625,127,1.98,8,2,0.25
17602,8,4100,2,5002.2,625.275,335,0.58,8,2,0.25
15382,8,4003,14,5927.9,740.9875,193,0.92,8,2,0.25
13198,8,2645,10,3384.1,423.0125,200,1.54,8,2,0.25
14676,8,2498,31,2543.2,317.9,30,6.28,8,2,0.25
16979,8,860,3,1809.1,226.1375,64,3.27,8,2,0.25
16360,8,2094,4,3349.6,418.7,365,0.13,8,2,0.25
14766,8,1323,8,2423.1,302.8875,111,2.68,8,2,0.25
17109,8,572,29,865.9,108.2375,107,1.71,8,2,0.25
15864,8,1044,22,1769.8,221.225,16,12.78,8,2,0.25
15107,8,162,311,260,32.5,12,3.59,8,2,0.25
14834,8,731,17,1698.3,212.2875,43,3.23,8,2,0.25
12528,8,734,9,1634.3,204.2875,49,3.44,8,2,0.25
12856,8,1073,7,2153.5,269.1875,155,0.18,8,2,0.25
18260,8,1466,172,2580.2,322.525,86,1.35,8,2,0.25
14639,8,1428,52,2952.3,369.0375,138,1.78,8,2,0.25
14794,9,669,2,1272.1,141.34444444444443,68,4.1,9,2,0.22
14696,9,1626,4,2071,230.11111111111111,117,2.8,9,2,0.22
13384,9,2415,30,4122.3,458.03333333333336,123,0.96,9,2,0.22
14533,9,2777,24,1812.6,201.39999999999998,53,5.13,9,2,0.22
16609,9,2410,15,5451,605.66666666666663,155,0.85,9,2,0.22
17663,9,793,25,1788.3,198.7,63,2.94,9,2,0.22
17434,9,1685,2,2333.4,259.26666666666665,100,0.61,9,2,0.22
16686,9,1972,47,2940.5,326.72222222222223,406,0.56,9,2,0.22
15270,9,1459,15,2298.2,255.35555555555553,22,6.28,9,2,0.22
15874,9,2506,63,4330.7,481.18888888888887,123,1.63,9,2,0.22
16966,9,1979,8,2149,238.77777777777777,8,8,9,2,0.22
17193,9,1238,35,1674.5,186.05555555555554,17,4.15,9,2,0.22
13610,9,486,12,1065.9,118.43333333333334,165,1.26,9,2,0.22
13435,9,2125,5,3794.5,421.61111111111109,68,1.8,9,2,0.22
14201,9,578,60,688,76.444444444444443,32,7.87,9,2,0.22
14738,9,576,39,1289.9,143.32222222222222,39,5.04,9,2,0.22
17188,9,1301,11,2275.6,252.84444444444443,71,3.99,9,2,0.22
14744,9,624,16,1073.5,119.27777777777777,20,13.46,9,2,0.22
17416,9,4266,29,6838.3,759.81111111111113,186,0.93,9,2,0.22
17323,9,750,15,891,99,124,1.41,9,2,0.22
17338,10,3040,17,6455.9,645.58999999999992,389,0.48,10,2,0.2
13126,10,2130,4,2056.3,205.63000000000002,124,2.57,10,2,0.2
17567,10,2428,7,4012.6,401.26,110,2.07,10,2,0.2
15916,10,747,16,1466,146.6,125,2.26,10,2,0.2
17837,10,505,42,1502.5,150.25,109,0.74,10,2,0.2
14769,10,7208,2,10382.2,1038.22,717,0.33,10,2,0.2
15953,10,884,15,1632.4,163.24,65,3.5,10,2,0.2
16016,10,600,3,1440.1,144.01,156,1.61,10,2,0.2
13012,10,668,9,1301.7,130.17000000000002,67,2.74,10,2,0.2
13862,10,1682,18,2187.3,218.73000000000002,97,2.23,10,2,0.2
15845,10,1918,17,3650.9,365.09000000000003,97,2.3,10,2,0.2
15304,10,100,60,680.3,68.03,8,12.32,10,2,0.2
12949,10,2363,30,4143,414.3,166,1.02,10,2,0.2
16180,10,5853,100,10217.5,1021.75,92,0.87,10,2,0.2
16255,10,1760,16,2609.3,260.93,146,1.28,10,2,0.2
17114,10,206,5,739.7,73.97,85,2.53,10,2,0.2
15632,10,2049,15,3147.3,314.73,107,1.47,10,2,0.2
13870,10,1320,2,2751.3,275.13,91,2.44,10,2,0.2
17888,10,424,18,515.7,51.570000000000007,60,4.35,10,2,0.2
14388,10,1933,8,3172,317.2,124,1.92,10,2,0.2
14732,10,1402,8,2686.3,268.63,105,2.24,10,2,0.2
15687,11,1308,8,2981.5,271.04545454545456,119,1.93,11,2,0.18
16265,11,2625,9,5323.2,483.92727272727274,163,1.38,11,2,0.18
15059,11,602,40,1325.8,120.52727272727272,161,1.24,11,2,0.18
15606,11,720,57,2422.6,220.23636363636362,51,2.97,11,2,0.18
17049,11,2666,2,5589.8,508.16363636363639,201,0.85,11,2,0.18
15544,11,3105,8,3542.5,322.04545454545456,122,1.4,11,2,0.18
13184,12,1631,14,1615.5,134.625,137,1.54,12,2,0.17
17769,12,1845,12,3920.1,326.675,200,1.01,12,2,0.17
12500,12,2660,23,4023.3,335.27500000000003,32,5.85,12,2,0.17
16794,12,918,1,1173.3,97.774999999999991,141,0.64,12,2,0.17
13324,12,5200,32,7072.8,589.4,25,4.32,12,2,0.17
16293,12,978,8,2236.7,186.39166666666665,102,3.02,12,2,0.17
12523,13,856,1,1655.6,127.35384615384615,83,3.14,13,2,0.15
14776,13,2688,51,2195.6,168.8923076923077,44,1.96,13,2,0.15
15611,13,496,9,1547.4,119.03076923076924,22,7.74,13,2,0.15
15514,13,1761,12,2907.5,223.65384615384616,96,1.8,13,2,0.15
16818,13,2162,10,3318,255.23076923076923,172,1.03,13,2,0.15
14239,13,986,43,2323.5,178.73076923076923,83,2.37,13,2,0.15
13742,14,1107,16,3079.3,219.95000000000002,200,0.97,14,2,0.14
17809,14,2016,16,5344.8,381.7714285714286,46,5.76,14,2,0.14
15301,14,2744,50,5007.7,357.69285714285712,167,1.3,14,2,0.14
14944,14,2801,29,5843,417.35714285714283,101,1.89,14,2,0.14
17659,14,1486,3,2954.8,211.05714285714288,127,2.31,14,2,0.14
16553,14,4595,163,5664.6,404.61428571428576,63,2.39,14,2,0.14
15298,14,2752,2,3774.1,269.57857142857142,115,1.89,14,2,0.14
14040,14,1515,40,3491.6,249.4,146,1.25,14,2,0.14
17419,14,1872,11,4201,300.07142857142856,155,1.72,14,2,0.14
12731,14,8359,23,18660.4,1332.8857142857144,108,1.24,14,2,0.14
13013,15,2217,1,4787,319.13333333333333,155,1.67,15,2,0.13
17730,15,3567,3,5288.8,352.5866666666667,127,1.47,15,2,0.13
13001,15,5482,4,9765.1,651.00666666666666,166,0.95,15,2,0.13
15249,15,3557,31,6657.4,443.82666666666665,211,0.63,15,2,0.13
16607,16,2822,17,3038.7,189.91875,140,1.97,16,2,0.13
15955,16,2124,24,4389.8,274.3625,137,1.89,16,2,0.13
12583,17,4978,2,6629.3,389.9588235294118,114,1.59,17,2,0.12
15640,17,6538,4,12336.7,725.6882352941177,241,0.76,17,2,0.12
15187,17,1868,1,4655.1,273.82941176470592,60,2.32,17,2,0.12
13269,17,3508,1,5313,312.52941176470586,178,1.16,17,2,0.12
16187,17,5004,31,6841.2,402.42352941176472,160,0.85,17,2,0.12
12540,19,6612,19,11489,604.68421052631584,277,0.74,19,2,0.11
16928,19,2071,80,2740.6,144.2421052631579,71,1.42,19,2,0.11
13576,20,2640,10,6703.3,335.165,78,2.81,20,2,0.1
13969,20,4469,7,8956.9,447.84499999999997,334,0.57,20,2,0.1
17306,21,11470,10,8600.7,409.55714285714288,13,5.04,21,2,0.1
16672,22,2830,2,8119.7,369.07727272727271,22,2.3,22,2,0.09
13881,22,10062,3,16989.5,772.25,72,1.72,22,2,0.09
14560,24,1223,7,2174.2,90.591666666666654,39,4.67,24,2,0.08
17857,24,14652,3,25185.8,1049.4083333333333,18,7.39,24,2,0.08
14667,27,5315,10,9160.8,339.28888888888883,353,0.63,27,2,0.07
16684,30,49391,4,65920.1,2197.336666666667,119,1.27,30,2,0.07
14735,33,2159,3,5792.7,175.53636363636363,98,1.75,33,2,0.06
14527,57,2082,2,8477.5,148.7280701754386,329,0.38,57,2,0.04
12971,88,9204,3,10933.8,124.24772727272726,94,1.21,88,2,0.02
14339,4,151,234,293.7,73.425,14,0.5,4,3,0.75
14625,5,330,185,848.5,169.7,52,3.34,5,3,0.6
13109,5,514,2,766.8,153.35999999999999,41,3.16,5,3,0.6
16859,5,655,106,458.1,91.62,49,2.21,5,3,0.6
16240,5,1634,8,3693.8,738.76,127,0.49,5,3,0.6
16499,5,122,360,319.1,63.820000000000007,20,0.24,5,3,0.6
16933,5,281,1,530.1,106.02000000000001,44,4.96,5,3,0.6
16984,5,2365,78,4370.6,874.12000000000012,354,0.13,5,3,0.6
13672,5,0,301,0,0,4,2.29,5,3,0.6
14389,5,702,8,999.7,199.94,34,5.08,5,3,0.6
12616,5,269,85,585.3,117.05999999999999,24,6.42,5,3,0.6
15468,5,150,35,438.5,87.7,25,11.61,5,3,0.6
14245,5,971,176,1677.5,335.5,107,0.78,5,3,0.6
14442,5,475,1,1544.6,308.91999999999996,59,4.7,5,3,0.6
15100,6,58,330,635.1,105.85000000000001,1,8.6,6,3,0.5
15215,6,211,44,616,102.66666666666667,35,6.5,6,3,0.5
15122,6,788,85,1612.1,268.68333333333334,65,2.47,6,3,0.5
15620,6,899,50,1524.4,254.06666666666669,92,2.99,6,3,0.5
13310,6,575,8,1083.6,180.6,65,4.16,6,3,0.5
15643,6,242,179,647.4,107.89999999999999,31,2.94,6,3,0.5
14475,6,428,71,799.8,133.29999999999998,36,5.07,6,3,0.5
17048,6,474,115,864.3,144.04999999999998,41,4.6,6,3,0.5
13282,6,289,18,1047.8,174.63333333333333,30,5.18,6,3,0.5
13802,6,2281,138,3906.3,651.05000000000007,57,3.42,6,3,0.5
14359,6,363,19,882.6,147.1,44,1.19,6,3,0.5
17096,7,332,9,992.7,141.81428571428572,46,4.94,7,3,0.43
14910,7,221,2,389.9,55.699999999999996,25,1.53,7,3,0.43
14443,7,931,53,1400.9,200.12857142857143,86,3.29,7,3,0.43
14198,7,280,4,663.5,94.785714285714292,35,5.47,7,3,0.43
14626,7,1387,8,2757.1,393.87142857142857,108,1.8,7,3,0.43
15810,7,737,78,1145.4,163.62857142857143,66,1.96,7,3,0.43
16463,7,1135,21,1383.7,197.67142857142858,74,2.18,7,3,0.43
15110,7,241,23,973.2,139.02857142857144,17,7.76,7,3,0.43
15535,7,121,173,426.4,60.914285714285711,55,2.59,7,3,0.43
15706,7,305,59,1001.8,143.1142857142857,50,0.98,7,3,0.43
15128,7,1327,60,1423.3,203.32857142857142,75,1.46,7,3,0.43
12997,7,648,22,1197.9,171.12857142857143,45,4.47,7,3,0.43
12674,7,1096,11,1796.3,256.6142857142857,51,2.31,7,3,0.43
13134,7,1044,72,1740.6,248.65714285714284,94,1.62,7,3,0.43
17337,7,1217,151,1896.1,270.87142857142857,420,0.3,7,3,0.43
15785,8,1594,29,2303.8,287.975,58,3.09,8,3,0.38
14407,8,1411,107,2096.1,262.0125,66,2.28,8,3,0.38
15658,8,232,190,958.9,119.8625,40,3.31,8,3,0.38
14102,8,746,5,1060.3,132.5375,35,0.63,8,3,0.38
12749,8,1421,3,3818.2,477.275,159,0.92,8,3,0.38
12656,8,1684,17,3550.7,443.8375,88,1.81,8,3,0.38
15881,8,199,312,438.2,54.775,26,1.68,8,3,0.38
12408,8,1382,32,2587.6,323.45,80,2.13,8,3,0.38
14232,8,1937,31,2043.9,255.4875,81,1.99,8,3,0.38
12909,8,1270,39,2128.8,266.1,78,2.25,8,3,0.38
13481,8,1127,45,1776.8,222.1,98,2.91,8,3,0.38
13715,8,554,281,1052,131.5,89,0.86,8,3,0.38
16996,9,534,30,1427.5,158.61111111111111,14,8.2,9,3,0.33
15811,9,1061,17,2171.3,241.25555555555559,117,2.52,9,3,0.33
13317,9,1003,64,2140.1,237.78888888888889,101,2.19,9,3,0.33
16306,9,471,213,602.3,66.922222222222217,36,3.58,9,3,0.33
13988,9,3025,19,4098.8,455.42222222222222,188,0.99,9,3,0.33
12853,9,782,107,1881.7,209.07777777777778,66,2.51,9,3,0.33
12477,9,3620,22,13117,1457.4444444444443,192,0.94,9,3,0.33
17612,9,1789,53,2000.3,222.25555555555556,116,1.76,9,3,0.33
16717,9,1562,9,3263.1,362.56666666666666,178,1.53,9,3,0.33
15093,9,3733,18,4410.1,490.01111111111118,52,3.19,9,3,0.33
18168,9,583,176,1123.7,124.85555555555555,101,1.42,9,3,0.33
16057,10,833,4,2140.2,214.01999999999998,109,2.11,10,3,0.3
14572,10,1417,3,2775.4,277.54,191,1.22,10,3,0.3
15993,10,2022,8,2728.2,272.82,335,0.07,10,3,0.3
17451,10,1178,1,1648.9,164.89000000000001,83,0.98,10,3,0.3
18230,10,1298,9,2716.6,271.65999999999997,32,4.05,10,3,0.3
15671,10,1679,18,2605.5,260.55,51,3.23,10,3,0.3
15351,10,721,12,1836.7,183.67000000000002,160,1.58,10,3,0.3
12867,10,4261,26,3963,396.3,240,0.61,10,3,0.3
14907,10,1686,3,3478.8,347.88,125,2.18,10,3,0.3
15473,10,552,14,1465.2,146.52,4,3.54,10,3,0.3
14505,11,2723,17,5772.5,524.77272727272725,542,0.44,11,3,0.27
13209,11,4232,30,5820.2,529.10909090909092,255,1.01,11,3,0.27
12483,11,1084,17,1873.1,170.28181818181818,45,4.54,11,3,0.27
15034,11,2402,15,4243.2,385.74545454545455,299,0.86,11,3,0.27
18257,11,1011,39,2274,206.72727272727272,97,2.12,11,3,0.27
13971,11,1818,8,2702.2,245.65454545454543,118,1.76,11,3,0.27
17230,11,1553,264,3466.7,315.15454545454543,51,1.32,11,3,0.27
13725,11,659,49,1809.8,164.52727272727273,97,2.21,11,3,0.27
12428,11,3477,25,6366,578.72727272727275,256,0.89,11,3,0.27
17528,11,2130,1,3540.1,321.82727272727271,183,0.27,11,3,0.27
17509,11,3508,57,6069.2,551.74545454545455,75,0.02,11,3,0.27
15932,11,2311,4,2461.9,223.80909090909091,93,2.42,11,3,0.27
17314,11,1884,24,2514.8,228.61818181818182,120,2.13,11,3,0.27
12619,11,3337,16,2908.8,264.43636363636364,48,2.79,11,3,0.27
12980,12,864,155,7092.1,591.00833333333333,6,8.83,12,3,0.25
15660,12,1037,25,1552,129.33333333333334,55,3.66,12,3,0.25
12417,12,1514,3,3155.8,262.98333333333335,157,1.88,12,3,0.25
16359,12,1154,7,1460.4,121.7,39,4.7,12,3,0.25
14961,12,3692,10,7006.6,583.88333333333333,193,1.11,12,3,0.25
14701,12,898,10,2462.9,205.24166666666667,273,0.9,12,3,0.25
13021,12,1336,4,2584.4,215.36666666666667,103,2.71,12,3,0.25
13993,12,891,32,3394.7,282.89166666666665,65,2.42,12,3,0.25
15281,12,1193,58,2240,186.66666666666666,122,1.85,12,3,0.25
13588,12,2574,15,2449.5,204.125,131,1.35,12,3,0.25
14395,12,1685,2,3444.1,287.00833333333333,181,1.06,12,3,0.25
14659,12,1183,8,2456.5,204.70833333333334,147,1.19,12,3,0.25
12362,13,2180,3,4665.6,358.89230769230772,200,1.11,13,3,0.23
14462,14,924,63,1942.5,138.75,150,1.17,14,3,0.21
16912,14,1011,23,2515.9,179.70714285714286,88,2.94,14,3,0.21
18226,14,3459,38,5192.1,370.86428571428576,141,1.23,14,3,0.21
12955,14,3642,1,4734.3,338.16428571428571,81,1.46,14,3,0.21
14502,14,1449,19,2307.1,164.79285714285714,368,0.48,14,3,0.21
14159,14,4332,19,4613.3,329.5214285714286,500,0.29,14,3,0.21
17725,14,2141,16,3371.1,240.79285714285714,115,1.27,14,3,0.21
14733,15,3725,9,9451.5,630.1,102,1.67,15,3,0.2
14607,15,6966,15,9793.1,652.87333333333333,37,2.34,15,3,0.2
12395,15,2092,15,2662.3,177.48666666666668,90,2.44,15,3,0.2
13999,15,2231,10,3865.3,257.68666666666667,102,1.66,15,3,0.2
16678,15,2370,2,3025.2,201.67999999999998,92,1.68,15,3,0.2
17139,15,5157,15,10567.9,704.52666666666664,309,0.56,15,3,0.2
15152,16,2694,9,4684.2,292.7625,196,0.64,16,3,0.19
16722,16,4989,17,4711.2,294.45,96,1.55,16,3,0.19
17404,16,32320,4,30175.8,1885.9875,109,1.81,16,3,0.19
15601,17,4978,11,6745.4,396.78823529411761,230,0.87,17,3,0.18
17613,17,2464,22,4494.8,264.40000000000003,211,0.91,17,3,0.18
14092,17,2061,7,4063.1,239.00588235294117,117,1.69,17,3,0.18
12431,18,2839,35,6243.9,346.88333333333333,162,1.44,18,3,0.17
17719,18,2455,37,5367.8,298.21111111111111,111,0.79,18,3,0.17
15738,19,2967,18,4788.8,252.04210526315791,46,2.02,19,3,0.16
14367,19,4398,8,9134.1,480.7421052631579,270,0.51,19,3,0.16
16592,19,2914,4,4073.3,214.3842105263158,142,1.28,19,3,0.16
16626,20,2670,0,4379.7,218.98499999999999,86,1.45,20,3,0.15
15805,20,3317,23,5411.9,270.59499999999997,220,1.12,20,3,0.15
15290,21,4430,4,7788.8,370.89523809523808,92,1.69,21,3,0.14
15513,22,5545,31,14520.1,660.00454545454545,183,1.09,22,3,0.14
14031,22,5371,7,14698.9,668.13181818181818,120,1.43,22,3,0.14
17576,22,1927,8,3399.9,154.54090909090908,245,0.88,22,3,0.14
12621,23,7333,1,12334.1,536.26521739130442,260,0.8,23,3,0.13
14051,26,3740,0,15462.3,594.70384615384614,51,1.72,26,3,0.12
13102,27,4160,1,6336.3,234.67777777777778,141,1.18,27,3,0.11
13069,27,5454,0,3713.1,137.52222222222221,285,0.79,27,3,0.11
14849,28,5656,21,7904.3,282.29642857142858,159,0.9,28,3,0.11
12720,28,4618,2,5065.3,180.90357142857144,210,1.06,28,3,0.11
15769,29,27660,7,51823.7,1787.0241379310344,26,2.49,29,3,0.1
16525,29,6493,2,11895.6,410.19310344827585,75,1.83,29,3,0.1
15498,30,6090,2,13252.5,441.75,360,0.71,30,3,0.1
17450,49,69021,8,189575.5,3868.887755102041,124,1.06,49,3,0.06
18183,6,362,218,600.5,100.08333333333333,36,1.3,6,4,0.67
13662,7,528,85,862.6,123.22857142857143,50,3.11,7,4,0.57
16554,7,311,3,641.5,91.642857142857139,52,4.49,7,4,0.57
14175,7,1461,51,3108.1,444.01428571428568,139,1.71,7,4,0.57
14267,7,461,150,1279.1,182.72857142857143,25,1.69,7,4,0.57
12409,7,5543,78,11056.9,1579.5571428571427,91,0.92,7,4,0.57
13735,8,1081,24,2764.5,345.5625,161,1.02,8,4,0.5
13505,8,2442,67,3522.9,440.3625,181,0.74,8,4,0.5
15625,8,1166,100,1504.6,188.075,44,2.01,8,4,0.5
17526,8,257,1,706.7,88.3375,17,16.55,8,4,0.5
14842,8,1146,35,2456.8,307.1,128,1.74,8,4,0.5
17828,8,631,8,1075,134.375,53,2.29,8,4,0.5
14113,8,635,3,1377.9,172.2375,26,9,8,4,0.5
16362,9,314,32,627.3,69.699999999999989,58,0.69,9,4,0.44
15596,9,548,100,1343.3,149.25555555555556,51,3.19,9,4,0.44
14546,9,1283,4,2482.9,275.87777777777779,255,0.59,9,4,0.44
16875,9,1044,64,2023.5,224.83333333333334,94,2.25,9,4,0.44
16550,9,1526,108,2266.2,251.79999999999998,163,1,9,4,0.44
13883,9,1369,1,2542.3,282.47777777777782,109,2.12,9,4,0.44
16394,9,2317,50,1412.1,156.89999999999998,61,2.41,9,4,0.44
13448,10,1626,16,3461,346.1,137,1.81,10,4,0.4
16873,10,3825,4,7066.3,706.63,179,1.25,10,4,0.4
17422,10,2195,16,1853.1,185.31,93,2.09,10,4,0.4
14188,10,1145,8,2018.9,201.89000000000001,34,4.31,10,4,0.4
15296,10,1757,44,3610.3,361.03000000000003,137,1.42,10,4,0.4
17442,10,1490,29,2210.3,221.03000000000003,97,2.42,10,4,0.4
15764,10,2036,81,3245.5,324.55,150,1.04,10,4,0.4
16474,11,882,7,1750.5,159.13636363636363,236,0.4,11,4,0.36
17063,11,763,8,1421.6,129.23636363636362,66,3.47,11,4,0.36
16652,11,3267,53,6654.3,604.93636363636369,75,1.8,11,4,0.36
17213,11,1167,40,2741.1,249.19090909090909,85,2,11,4,0.36
17490,11,1022,0,1936.8,176.07272727272726,63,2.1,11,4,0.36
15708,11,1208,40,3200.7,290.97272727272724,124,1.17,11,4,0.36
13630,11,1377,5,1995.7,181.42727272727274,51,3.54,11,4,0.36
12779,12,1996,21,3868.7,322.39166666666665,88,2.22,12,4,0.33
17997,12,2075,74,1520.5,126.70833333333333,133,0.51,12,4,0.33
15518,12,1253,64,1897.8,158.15,135,1.25,12,4,0.33
15521,12,1675,36,2699.7,224.975,116,1.1,12,4,0.33
15737,12,583,14,1106.2,92.183333333333337,59,2.96,12,4,0.33
12957,12,2531,4,3979,331.58333333333331,208,1.38,12,4,0.33
15696,12,1009,33,2619.1,218.25833333333333,140,1.69,12,4,0.33
16316,12,1466,64,2755.6,229.63333333333333,121,1.9,12,4,0.33
14211,13,1232,53,2208.3,169.8692307692308,87,2.07,13,4,0.31
14525,13,2615,8,4150.1,319.23846153846159,217,1.23,13,4,0.31
16817,13,762,2,1447,111.30769230769231,76,3.89,13,4,0.31
16156,13,1236,8,3002.2,230.93846153846152,108,2.24,13,4,0.31
14390,13,2122,10,4582.2,352.47692307692307,135,1.26,13,4,0.31
12626,13,3313,23,5722.3,440.17692307692312,231,1.02,13,4,0.31
17069,13,1482,28,2655.2,204.24615384615385,111,2.25,13,4,0.31
15021,13,801,8,1829.2,140.7076923076923,287,0.8,13,4,0.31
14573,13,528,179,1590.1,122.3153846153846,127,0.83,13,4,0.31
14456,13,2842,5,3000.8,230.83076923076925,579,0.14,13,4,0.31
17651,14,3100,11,3886.7,277.62142857142857,149,0.7,14,4,0.29
13097,14,2339,32,5901.1,421.50714285714287,214,0.76,14,4,0.29
13890,14,826,1,1860.9,132.92142857142858,74,3.16,14,4,0.29
17231,14,1718,12,3078.2,219.87142857142857,294,0.65,14,4,0.29
14243,14,1204,8,2535.9,181.1357142857143,99,2.43,14,4,0.29
18075,14,1437,23,2538.7,181.33571428571426,97,2.22,14,4,0.29
12553,14,1901,8,3238.2,231.29999999999998,94,1.73,14,4,0.29
13268,14,3525,17,3105.7,221.83571428571426,256,0.57,14,4,0.29
14952,15,3295,46,7912.8,527.52,119,2.16,15,4,0.27
17340,15,5903,9,12158.3,810.55333333333328,230,0.85,15,4,0.27
15251,15,6084,9,10327.1,688.47333333333336,97,1.93,15,4,0.27
15482,15,2981,15,6353.5,423.56666666666666,45,2.77,15,4,0.27
13552,16,1386,66,3539.5,221.21875,82,2.08,16,4,0.25
13094,16,1542,21,1708.9,106.80625,4,11.97,16,4,0.25
14800,16,3623,47,4228.4,264.275,248,0.83,16,4,0.25
17954,16,2216,5,2276.8,142.3,327,0.76,16,4,0.25
13090,17,2193,8,8674.4,510.25882352941176,97,2.29,17,4,0.24
16700,17,4019,8,5040,296.47058823529414,159,1.15,17,4,0.24
13709,17,3493,3,6228.7,366.39411764705881,244,0.91,17,4,0.24
12712,17,1019,22,3791.6,223.03529411764706,58,2.75,17,4,0.24
13488,17,4512,17,8910.6,524.15294117647056,272,0.82,17,4,0.24
17611,19,2542,3,3924.8,206.56842105263158,440,0.63,19,4,0.21
12931,19,23577,21,33544.8,1765.5157894736844,28,3.36,19,4,0.21
12989,19,2915,3,6854.5,360.76315789473682,41,5.39,19,4,0.21
15555,20,4369,12,4745.7,237.285,403,0.39,20,4,0.2
18198,21,3839,4,5083.1,242.05238095238096,81,2.01,21,4,0.19
13004,22,4796,11,5613.4,255.15454545454543,277,0.85,22,4,0.18
14562,22,1666,3,4682.9,212.8590909090909,188,0.69,22,4,0.18
14397,23,1852,0,2556.7,111.16086956521738,18,2.27,23,4,0.17
16558,24,5346,0,8257,344.04166666666669,264,0.77,24,4,0.17
12415,24,76946,24,123638.2,5151.5916666666662,443,0.4,24,4,0.17
14895,24,4823,7,11020.3,459.17916666666662,275,0.62,24,4,0.17
12681,26,7442,14,12309.6,473.44615384615383,266,0.57,26,4,0.15
15615,27,5493,10,10360,383.7037037037037,185,0.82,27,4,0.15
13854,29,2278,8,8025,276.72413793103448,39,3.16,29,4,0.14
17243,30,3308,1,8483.3,282.77666666666664,179,0.94,30,4,0.13
15856,31,10799,4,15928.5,513.82258064516134,296,0.57,31,4,0.13
15159,34,11394,1,18573.7,546.285294117647,363,0.5,34,4,0.12
13468,41,2581,1,5656.8,137.97073170731707,184,1.22,41,4,0.1
16029,66,33687,38,60369.9,914.6954545454546,43,1.29,66,4,0.06
12679,9,521,52,896.7,99.63333333333334,44,4.53,9,5,0.56
17204,9,589,169,1352.9,150.32222222222222,47,2.8,9,5,0.56
16150,10,1004,38,1906.1,190.60999999999999,91,2.47,10,5,0.5
14903,10,1486,21,2729.2,272.91999999999996,227,0.72,10,5,0.5
12457,11,686,58,1597.8,145.25454545454545,52,2.87,11,5,0.45
12947,11,1157,143,1407.3,127.93636363636364,83,2.25,11,5,0.45
12753,11,11250,3,21024,1911.2727272727273,132,1.57,11,5,0.45
13924,11,1532,1,1682.1,152.91818181818181,91,0.52,11,5,0.45
14112,12,1608,22,2774.2,231.18333333333331,117,1.47,12,5,0.42
13093,13,3943,267,7741.5,595.5,99,0.63,13,5,0.38
12705,13,3946,15,6328.2,486.78461538461539,227,1,13,5,0.38
15602,14,999,8,1102.4,78.742857142857147,30,7.2,14,5,0.36
14292,14,1643,7,4819.3,344.23571428571432,67,2.98,14,5,0.36
17071,14,1182,8,2385.5,170.39285714285714,102,2.05,14,5,0.36
16570,15,2050,8,3623,241.53333333333333,70,2.67,15,5,0.33
14227,15,1811,26,3315.7,221.04666666666665,117,1.42,15,5,0.33
13148,17,1818,29,3324.6,195.56470588235294,238,0.99,17,5,0.29
18225,17,3204,3,5356.9,315.11176470588231,151,1.3,17,5,0.29
16701,18,6211,8,5150.3,286.12777777777779,99,2.31,18,5,0.28
14415,18,2958,1,5766.9,320.38333333333333,284,0.6,18,5,0.28
16764,18,1241,3,2750,152.77777777777777,209,0.2,18,5,0.28
15291,19,2073,25,4551.5,239.55263157894737,62,3.25,19,5,0.26
12683,19,4850,4,7357.1,387.21578947368425,176,1.04,19,5,0.26
14543,21,602,3,2945.2,140.24761904761903,41,3.72,21,5,0.24
17706,22,3833,4,10097.4,458.97272727272724,270,0.92,22,5,0.23
15044,22,2776,19,7563.9,343.81363636363636,233,0.76,22,5,0.23
13418,23,3839,11,5845.4,254.14782608695651,223,1.15,23,5,0.22
18172,25,3170,14,7490.2,299.608,101,1.43,25,5,0.2
16729,26,5706,36,7045.4,270.97692307692307,234,0.31,26,5,0.19
18109,31,4212,1,7877.3,254.10645161290324,120,0.82,31,5,0.16
18118,31,2848,10,5564.6,179.50322580645164,423,0.28,31,5,0.16
17428,33,9435,0,17078.5,517.530303030303,255,1.08,33,5,0.15
16839,39,8471,8,15362.3,393.90512820512816,116,1.22,39,5,0.13
17315,41,3805,0,6153.3,150.08048780487806,257,0.74,41,5,0.12
17949,49,27572,1,53215.7,1086.034693877551,28,4.93,49,5,0.1
16013,52,13942,3,33453.5,643.33653846153845,32,2.49,52,5,0.1
15039,52,9113,9,19638.6,377.6653846153846,408,0.24,52,5,0.1
14441,10,430,0,1545.1,154.51,45,6.29,10,6,0.6
13136,11,1312,50,2545.4,231.4,97,2.28,11,6,0.55
15201,11,962,78,927.8,84.345454545454544,38,1.76,11,6,0.55
17924,13,1141,1,2894.3,222.63846153846154,27,10.05,13,6,0.46
12494,13,682,9,995.4,76.569230769230771,62,4.68,13,6,0.46
12472,13,3992,30,5725.5,440.42307692307691,225,0.9,13,6,0.46
14808,14,2028,39,2277.8,162.70000000000002,178,0.53,14,6,0.43
17696,14,1730,38,2201.1,157.22142857142856,79,2.61,14,6,0.43
14410,15,298,15,587.4,39.16,196,1.04,15,6,0.4
13014,16,884,2,3365.4,210.3375,67,2.29,16,6,0.38
12708,16,1255,29,2346.3,146.64375,85,2.08,16,6,0.38
13769,16,1152,2,2771.9,173.24375,73,2.57,16,6,0.38
14426,16,2339,18,3918.9,244.93125,187,1.3,16,6,0.38
16670,17,2524,16,4022.5,236.61764705882354,179,1.31,17,6,0.35
17644,17,1741,1,2769,162.88235294117646,103,1.91,17,6,0.35
17652,18,2476,25,4692.1,260.67222222222222,117,0.96,18,6,0.33
15804,19,2513,0,3848.5,202.55263157894737,170,0.73,19,6,0.32
16782,19,696,10,2230.3,117.3842105263158,103,1.89,19,6,0.32
15827,20,843,73,1648.5,82.425,72,2.27,20,6,0.3
16713,21,4259,18,6827.9,325.13809523809522,339,0.56,21,6,0.29
16656,21,8873,22,8568.2,408.00952380952384,14,4.33,21,6,0.29
15465,24,1217,19,6945,289.375,43,3.4,24,6,0.25
16161,25,2522,1,5309.8,212.392,291,0.74,25,6,0.24
14688,27,3185,7,5055.6,187.24444444444447,148,1.03,27,6,0.22
16779,28,5212,2,10436,372.71428571428572,161,1.07,28,6,0.21
14056,29,4213,1,8063.3,278.04482758620691,320,0.26,29,6,0.21
14180,31,710,10,4640.8,149.70322580645163,112,1.47,31,6,0.19
17581,31,5849,0,10716.3,345.68709677419355,231,0.83,31,6,0.19
12901,34,21299,8,16316.1,479.88529411764705,30,2.15,34,6,0.18
15078,38,5069,7,9623.4,253.24736842105261,98,0.8,38,6,0.16
15061,54,28638,3,54250.3,1004.6351851851853,70,0.9,54,6,0.11
13798,63,23515,1,36352.9,577.03015873015875,115,0.85,63,6,0.1
14329,14,3067,8,4889.1,349.22142857142859,218,1.2,14,7,0.5
13047,16,1355,46,3089.1,193.06875,105,1.69,16,7,0.44
15622,16,1552,3,3224.5,201.53125,169,1.31,16,7,0.44
16145,18,3072,8,3742,207.88888888888889,134,1.49,18,7,0.39
14032,18,2008,2,2929.8,162.76666666666668,53,2.41,18,7,0.39
13266,19,4299,11,3717.7,195.66842105263157,83,1.73,19,7,0.37
16401,19,3859,1,4063.2,213.85263157894735,67,1.66,19,7,0.37
16393,20,1526,2,2935.8,146.79000000000002,121,1.04,20,7,0.35
15194,22,5648,3,7521.2,341.87272727272727,209,1.12,22,7,0.32
14680,23,12473,25,26917.3,1170.3173913043479,82,1.09,23,7,0.3
14217,24,677,1,1925.4,80.225000000000009,78,3.44,24,7,0.29
14534,25,1904,2,4024,160.96,333,0.58,25,7,0.28
16923,26,3110,12,6488.3,249.55,316,0.54,26,7,0.27
17017,27,6613,2,8574.1,317.55925925925925,88,1.39,27,7,0.26
17865,27,5697,30,10156.4,376.16296296296292,190,0.86,27,7,0.26
16033,27,3506,5,8690,321.85185185185185,539,0.32,27,7,0.26
16523,28,4233,1,9295.7,331.98928571428576,151,1.06,28,7,0.25
15358,29,6928,4,8235.6,283.98620689655172,292,0.65,29,7,0.24
15005,35,4186,15,6158.8,175.96571428571428,367,0.31,35,7,0.2
13777,40,12807,0,25758.1,643.9525,39,1.73,40,7,0.17
13694,57,61904,3,62961.5,1104.5877192982457,367,0.64,57,7,0.12
13458,22,5460,7,9537.9,433.54090909090905,242,0.9,22,8,0.36
15125,23,5991,25,11117.1,483.35217391304349,102,1.76,23,8,0.35
13267,27,1939,2,4404.4,163.12592592592591,88,1.63,27,8,0.3
13668,29,3617,2,6162.3,212.49310344827586,286,0.73,29,8,0.28
17389,42,7442,0,31317.5,745.65476190476193,47,1.53,42,8,0.19
12584,18,351,3,1810,100.55555555555556,43,2.23,18,9,0.5
14299,18,2013,8,2855.3,158.62777777777779,94,2.22,18,9,0.5
15502,19,3825,15,5548.6,292.03157894736842,163,1.46,19,9,0.47
12476,20,2286,1,5628.6,281.43,176,1.42,20,9,0.45
13081,20,18930,1,27972.1,1398.605,510,0.35,20,9,0.45
14189,24,3919,2,4604.3,191.84583333333333,176,1.33,24,9,0.38
16705,29,5458,0,13946.1,480.90000000000003,135,1.27,29,9,0.31
16422,60,33584,17,34311,571.85,70,0.93,60,9,0.15
13115,14,1534,8,2205.6,157.54285714285714,92,2.73,14,10,0.71
14796,27,5908,1,7790.9,288.55185185185184,402,0.32,27,10,0.37
13319,36,4686,5,10664.3,296.23055555555555,211,0.73,36,10,0.28
17675,41,8277,1,20083.1,489.83170731707315,239,0.51,41,10,0.24
14156,64,56896,9,113685.8,1776.340625,714,0.26,64,10,0.16
16191,24,3204,2,4916.6,204.85833333333335,66,2.4,24,11,0.46
12709,26,3792,3,8959.7,344.60384615384618,101,1.46,26,11,0.42
13050,28,3706,9,5680.9,202.88928571428571,245,0.85,28,11,0.39
14194,32,5783,4,11216.7,350.521875,269,0.5,32,11,0.34
12748,217,23516,0,29820,137.41935483870967,1767,0.08,217,11,0.05
18223,26,2891,1,6318.1,243.00384615384615,118,1.2,26,12,0.46
12474,30,4715,17,6434.8,214.49333333333334,252,0.8,30,12,0.4
13599,33,3169,1,5028.6,152.3818181818182,171,1.4,33,12,0.36
17811,51,4096,4,7595.1,148.92352941176472,358,0.39,51,12,0.24
15189,53,6035,1,15802.1,298.15283018867927,80,1.43,53,12,0.23
13098,41,15911,1,28658.9,698.99756097560976,163,0.52,41,13,0.32
17677,43,9722,1,16201.4,376.77674418604653,179,1.15,43,13,0.3
16133,46,8737,3,14305.7,310.99347826086961,220,0.87,46,13,0.28
12921,50,9454,3,16389.7,327.79400000000004,233,0.5,50,13,0.26
13408,75,16128,1,27888.4,371.84533333333337,234,0.76,75,13,0.17
17511,45,63014,2,88138.2,1958.6266666666666,465,0.35,45,14,0.31
13113,39,2596,0,10523.7,269.83846153846156,112,1.32,39,15,0.38
13767,52,7258,2,16945.7,325.87884615384615,55,0.93,52,15,0.29
13078,43,5557,1,12432.3,289.12325581395345,96,0.96,43,17,0.4
13534,43,2876,2,5613.1,130.53720930232558,119,1.04,43,18,0.42
12471,45,7846,2,16323.5,362.74444444444447,150,0.73,45,18,0.4
13089,118,30742,2,57322.1,485.78050847457627,636,0.2,118,21,0.18
15311,118,37673,0,59284.2,502.40847457627115,571,0.15,118,27,0.23
14606,125,5932,1,11486.6,91.892800000000008,829,0.14,125,35,0.28
14911,242,76823,1,128768.2,532.1,1791,0.06,242,44,0.18
17841,169,22613,1,39861.5,235.86686390532543,1330,0.05,169,45,0.27
